Workbook

Sheet 수량입력
A1: SCANDIA 발주 수량 입력표
A2: 노란 칸(Qty Sets)에만 사이즈별 SET 수량을 입력하세요. 나머지는 자동 계산되고, 'Mail' 시트에 업체용 표/문장이 자동으로 만들어집니다.
A3: 목표 SET = 파일명 수량. 입력 합계와 다르면 Check 칸이 빨갛게 표시됩니다.
A5: No | B5: Product | C5: Product Code | D5: Colour | E5: Size | F5: 1 Set = | G5: Unit | H5: Qty (Sets) | I5: Total Qty | J5: Remark
A6: 1 | B6: ScanFroze Pro | C6: 4030.20 | D6: Black | E6: 8/M | F6: 12 | G6: pairs | I6: =IF(H6="","",H6*F6)
B7: ScanFroze Pro | C7: 4030.20 | D7: Black | E7: 9/L | F7: 12 | G7: pairs | I7: =IF(H7="","",H7*F7)
B8: ScanFroze Pro | C8: 4030.20 | D8: Black | E8: 10/XL | F8: 12 | G8: pairs | I8: =IF(H8="","",H8*F8)
B9: ScanFroze Pro 소계 | E9: 목표 SET | F9: 4 | G9: 입력 합계 | H9: =SUM(H6:H8) -> 0 | I9: =SUM(I6:I8) -> 0 | J9: =IF(H9=F9,"OK",IF(H9<F9,"부족 "&(F9-H9)&" set","초과 "&(H9-F9)&" set")) -> 부족 4 set
A11: 2 | B11: ScanBlizzard | C11: 4030.17 | D11: High-Viz Yellow & Black | E11: 8/M | F11: 6 | G11: pairs | I11: =IF(H11="","",H11*F11)
B12: ScanBlizzard | C12: 4030.17 | D12: High-Viz Yellow & Black | E12: 9/L | F12: 6 | G12: pairs | I12: =IF(H12="","",H12*F12)
B13: ScanBlizzard | C13: 4030.17 | D13: High-Viz Yellow & Black | E13: 10/XL | F13: 6 | G13: pairs | I13: =IF(H13="","",H13*F13)
B14: ScanBlizzard | C14: 4030.17 | D14: High-Viz Yellow & Black | E14: 11/2XL | F14: 6 | G14: pairs | I14: =IF(H14="","",H14*F14)
B15: ScanBlizzard 소계 | E15: 목표 SET | F15: 3 | G15: 입력 합계 | H15: =SUM(H11:H14) -> 0 | I15: =SUM(I11:I14) -> 0 | J15: =IF(H15=F15,"OK",IF(H15<F15,"부족 "&(F15-H15)&" set","초과 "&(H15-F15)&" set")) -> 부족 3 set
A17: 3 | B17: ScanTitan | C17: 2520.17 | D17: Black | E17: EU 38 | F17: 1 | G17: pairs | I17: =IF(H17="","",H17*F17)
B18: ScanTitan | C18: 2520.17 | D18: Black | E18: EU 39 | F18: 1 | G18: pairs | I18: =IF(H18="","",H18*F18)
B19: ScanTitan | C19: 2520.17 | D19: Black | E19: EU 40 | F19: 1 | G19: pairs | I19: =IF(H19="","",H19*F19)
B20: ScanTitan | C20: 2520.17 | D20: Black | E20: EU 41 | F20: 1 | G20: pairs | I20: =IF(H20="","",H20*F20)
B21: ScanTitan | C21: 2520.17 | D21: Black | E21: EU 42 | F21: 1 | G21: pairs | I21: =IF(H21="","",H21*F21)
B22: ScanTitan | C22: 2520.17 | D22: Black | E22: EU 43 | F22: 1 | G22: pairs | I22: =IF(H22="","",H22*F22)
B23: ScanTitan | C23: 2520.17 | D23: Black | E23: EU 44 | F23: 1 | G23: pairs | I23: =IF(H23="","",H23*F23)
B24: ScanTitan | C24: 2520.17 | D24: Black | E24: EU 45 | F24: 1 | G24: pairs | I24: =IF(H24="","",H24*F24)
B25: ScanTitan | C25: 2520.17 | D25: Black | E25: EU 46 | F25: 1 | G25: pairs | I25: =IF(H25="","",H25*F25)
B26: ScanTitan | C26: 2520.17 | D26: Black | E26: EU 47 | F26: 1 | G26: pairs | I26: =IF(H26="","",H26*F26)
B27: ScanTitan 소계 | E27: 목표 SET | F27: 15 | G27: 입력 합계 | H27: =SUM(H17:H26) -> 0 | I27: =SUM(I17:I26) -> 0 | J27: =IF(H27=F27,"OK",IF(H27<F27,"부족 "&(F27-H27)&" set","초과 "&(H27-F27)&" set")) -> 부족 15 set
A29: 4 | B29: ScanTriple HV 003 | C29: 1036.44 | D29: High-Viz Yellow & Navy | E29: S | F29: 1 | G29: pcs | I29: =IF(H29="","",H29*F29)
B30: ScanTriple HV 003 | C30: 1036.44 | D30: High-Viz Yellow & Navy | E30: M | F30: 1 | G30: pcs | I30: =IF(H30="","",H30*F30)
B31: ScanTriple HV 003 | C31: 1036.44 | D31: High-Viz Yellow & Navy | E31: L | F31: 1 | G31: pcs | I31: =IF(H31="","",H31*F31)
B32: ScanTriple HV 003 | C32: 1036.44 | D32: High-Viz Yellow & Navy | E32: XL | F32: 1 | G32: pcs | I32: =IF(H32="","",H32*F32)
B33: ScanTriple HV 003 | C33: 1036.44 | D33: High-Viz Yellow & Navy | E33: 2XL | F33: 1 | G33: pcs | I33: =IF(H33="","",H33*F33)
B34: ScanTriple HV 003 | C34: 1036.44 | D34: High-Viz Yellow & Navy | E34: 3XL | F34: 1 | G34: pcs | I34: =IF(H34="","",H34*F34)
B35: ScanTriple HV 003 소계 | E35: 목표 SET | F35: 20 | G35: 입력 합계 | H35: =SUM(H29:H34) -> 0 | I35: =SUM(I29:I34) -> 0 | J35: =IF(H35=F35,"OK",IF(H35<F35,"부족 "&(F35-H35)&" set","초과 "&(H35-F35)&" set")) -> 부족 20 set
B37: 입력 예) ScanBlizzard 9/L 줄에 2 입력 → Total Qty 12 pairs (2 set × 6 pairs)

Sheet Mail
A1: ① 표로 붙여넣기 (Outlook/Gmail에 셀 범위 복사 → 붙여넣기)
A3: No | B3: Product | C3: Product Code | D3: Colour | E3: Size | F3: Qty (Sets) | G3: Pack (per Set) | H3: Total Qty
A4: 1 | B4: =수량입력!B6 -> ScanFroze Pro | C4: =수량입력!C6 -> 4030.20 | D4: =수량입력!D6 -> Black | E4: =수량입력!E6 -> 8/M | F4: =IF(수량입력!H6="",0,수량입력!H6) -> 0 | G4: =수량입력!F6&" "&IF(수량입력!F6=1,"pair",수량입력!G6) -> 12 pairs | H4: =IF(F4=0,"-",수량입력!I6&" "&수량입력!G6) -> -
B5: =수량입력!B7 -> ScanFroze Pro | C5: =수량입력!C7 -> 4030.20 | D5: =수량입력!D7 -> Black | E5: =수량입력!E7 -> 9/L | F5: =IF(수량입력!H7="",0,수량입력!H7) -> 0 | G5: =수량입력!F7&" "&IF(수량입력!F7=1,"pair",수량입력!G7) -> 12 pairs | H5: =IF(F5=0,"-",수량입력!I7&" "&수량입력!G7) -> -
B6: =수량입력!B8 -> ScanFroze Pro | C6: =수량입력!C8 -> 4030.20 | D6: =수량입력!D8 -> Black | E6: =수량입력!E8 -> 10/XL | F6: =IF(수량입력!H8="",0,수량입력!H8) -> 0 | G6: =수량입력!F8&" "&IF(수량입력!F8=1,"pair",수량입력!G8) -> 12 pairs | H6: =IF(F6=0,"-",수량입력!I8&" "&수량입력!G8) -> -
B7: Subtotal - ScanFroze Pro | F7: =SUM(F4:F6) -> 0 | H7: =수량입력!I9&" pairs" -> 0 pairs
A8: 2 | B8: =수량입력!B11 -> ScanBlizzard | C8: =수량입력!C11 -> 4030.17 | D8: =수량입력!D11 -> High-Viz Yellow & Black | E8: =수량입력!E11 -> 8/M | F8: =IF(수량입력!H11="",0,수량입력!H11) -> 0 | G8: =수량입력!F11&" "&IF(수량입력!F11=1,"pair",수량입력!G11) -> 6 pairs | H8: =IF(F8=0,"-",수량입력!I11&" "&수량입력!G11) -> -
B9: =수량입력!B12 -> ScanBlizzard | C9: =수량입력!C12 -> 4030.17 | D9: =수량입력!D12 -> High-Viz Yellow & Black | E9: =수량입력!E12 -> 9/L | F9: =IF(수량입력!H12="",0,수량입력!H12) -> 0 | G9: =수량입력!F12&" "&IF(수량입력!F12=1,"pair",수량입력!G12) -> 6 pairs | H9: =IF(F9=0,"-",수량입력!I12&" "&수량입력!G12) -> -
B10: =수량입력!B13 -> ScanBlizzard | C10: =수량입력!C13 -> 4030.17 | D10: =수량입력!D13 -> High-Viz Yellow & Black | E10: =수량입력!E13 -> 10/XL | F10: =IF(수량입력!H13="",0,수량입력!H13) -> 0 | G10: =수량입력!F13&" "&IF(수량입력!F13=1,"pair",수량입력!G13) -> 6 pairs | H10: =IF(F10=0,"-",수량입력!I13&" "&수량입력!G13) -> -
B11: =수량입력!B14 -> ScanBlizzard | C11: =수량입력!C14 -> 4030.17 | D11: =수량입력!D14 -> High-Viz Yellow & Black | E11: =수량입력!E14 -> 11/2XL | F11: =IF(수량입력!H14="",0,수량입력!H14) -> 0 | G11: =수량입력!F14&" "&IF(수량입력!F14=1,"pair",수량입력!G14) -> 6 pairs | H11: =IF(F11=0,"-",수량입력!I14&" "&수량입력!G14) -> -
B12: Subtotal - ScanBlizzard | F12: =SUM(F8:F11) -> 0 | H12: =수량입력!I15&" pairs" -> 0 pairs
A13: 3 | B13: =수량입력!B17 -> ScanTitan | C13: =수량입력!C17 -> 2520.17 | D13: =수량입력!D17 -> Black | E13: =수량입력!E17 -> EU 38 | F13: =IF(수량입력!H17="",0,수량입력!H17) -> 0 | G13: =수량입력!F17&" "&IF(수량입력!F17=1,"pair",수량입력!G17) -> 1 pair | H13: =IF(F13=0,"-",수량입력!I17&" "&수량입력!G17) -> -
B14: =수량입력!B18 -> ScanTitan | C14: =수량입력!C18 -> 2520.17 | D14: =수량입력!D18 -> Black | E14: =수량입력!E18 -> EU 39 | F14: =IF(수량입력!H18="",0,수량입력!H18) -> 0 | G14: =수량입력!F18&" "&IF(수량입력!F18=1,"pair",수량입력!G18) -> 1 pair | H14: =IF(F14=0,"-",수량입력!I18&" "&수량입력!G18) -> -
B15: =수량입력!B19 -> ScanTitan | C15: =수량입력!C19 -> 2520.17 | D15: =수량입력!D19 -> Black | E15: =수량입력!E19 -> EU 40 | F15: =IF(수량입력!H19="",0,수량입력!H19) -> 0 | G15: =수량입력!F19&" "&IF(수량입력!F19=1,"pair",수량입력!G19) -> 1 pair | H15: =IF(F15=0,"-",수량입력!I19&" "&수량입력!G19) -> -
B16: =수량입력!B20 -> ScanTitan | C16: =수량입력!C20 -> 2520.17 | D16: =수량입력!D20 -> Black | E16: =수량입력!E20 -> EU 41 | F16: =IF(수량입력!H20="",0,수량입력!H20) -> 0 | G16: =수량입력!F20&" "&IF(수량입력!F20=1,"pair",수량입력!G20) -> 1 pair | H16: =IF(F16=0,"-",수량입력!I20&" "&수량입력!G20) -> -
B17: =수량입력!B21 -> ScanTitan | C17: =수량입력!C21 -> 2520.17 | D17: =수량입력!D21 -> Black | E17: =수량입력!E21 -> EU 42 | F17: =IF(수량입력!H21="",0,수량입력!H21) -> 0 | G17: =수량입력!F21&" "&IF(수량입력!F21=1,"pair",수량입력!G21) -> 1 pair | H17: =IF(F17=0,"-",수량입력!I21&" "&수량입력!G21) -> -
B18: =수량입력!B22 -> ScanTitan | C18: =수량입력!C22 -> 2520.17 | D18: =수량입력!D22 -> Black | E18: =수량입력!E22 -> EU 43 | F18: =IF(수량입력!H22="",0,수량입력!H22) -> 0 | G18: =수량입력!F22&" "&IF(수량입력!F22=1,"pair",수량입력!G22) -> 1 pair | H18: =IF(F18=0,"-",수량입력!I22&" "&수량입력!G22) -> -
B19: =수량입력!B23 -> ScanTitan | C19: =수량입력!C23 -> 2520.17 | D19: =수량입력!D23 -> Black | E19: =수량입력!E23 -> EU 44 | F19: =IF(수량입력!H23="",0,수량입력!H23) -> 0 | G19: =수량입력!F23&" "&IF(수량입력!F23=1,"pair",수량입력!G23) -> 1 pair | H19: =IF(F19=0,"-",수량입력!I23&" "&수량입력!G23) -> -
B20: =수량입력!B24 -> ScanTitan | C20: =수량입력!C24 -> 2520.17 | D20: =수량입력!D24 -> Black | E20: =수량입력!E24 -> EU 45 | F20: =IF(수량입력!H24="",0,수량입력!H24) -> 0 | G20: =수량입력!F24&" "&IF(수량입력!F24=1,"pair",수량입력!G24) -> 1 pair | H20: =IF(F20=0,"-",수량입력!I24&" "&수량입력!G24) -> -
B21: =수량입력!B25 -> ScanTitan | C21: =수량입력!C25 -> 2520.17 | D21: =수량입력!D25 -> Black | E21: =수량입력!E25 -> EU 46 | F21: =IF(수량입력!H25="",0,수량입력!H25) -> 0 | G21: =수량입력!F25&" "&IF(수량입력!F25=1,"pair",수량입력!G25) -> 1 pair | H21: =IF(F21=0,"-",수량입력!I25&" "&수량입력!G25) -> -
B22: =수량입력!B26 -> ScanTitan | C22: =수량입력!C26 -> 2520.17 | D22: =수량입력!D26 -> Black | E22: =수량입력!E26 -> EU 47 | F22: =IF(수량입력!H26="",0,수량입력!H26) -> 0 | G22: =수량입력!F26&" "&IF(수량입력!F26=1,"pair",수량입력!G26) -> 1 pair | H22: =IF(F22=0,"-",수량입력!I26&" "&수량입력!G26) -> -
B23: Subtotal - ScanTitan | F23: =SUM(F13:F22) -> 0 | H23: =수량입력!I27&" pairs" -> 0 pairs
A24: 4 | B24: =수량입력!B29 -> ScanTriple HV 003 | C24: =수량입력!C29 -> 1036.44 | D24: =수량입력!D29 -> High-Viz Yellow & Navy | E24: =수량입력!E29 -> S | F24: =IF(수량입력!H29="",0,수량입력!H29) -> 0 | G24: =수량입력!F29&" "&IF(수량입력!F29=1,"pc",수량입력!G29) -> 1 pc | H24: =IF(F24=0,"-",수량입력!I29&" "&수량입력!G29) -> -
B25: =수량입력!B30 -> ScanTriple HV 003 | C25: =수량입력!C30 -> 1036.44 | D25: =수량입력!D30 -> High-Viz Yellow & Navy | E25: =수량입력!E30 -> M | F25: =IF(수량입력!H30="",0,수량입력!H30) -> 0 | G25: =수량입력!F30&" "&IF(수량입력!F30=1,"pc",수량입력!G30) -> 1 pc | H25: =IF(F25=0,"-",수량입력!I30&" "&수량입력!G30) -> -
B26: =수량입력!B31 -> ScanTriple HV 003 | C26: =수량입력!C31 -> 1036.44 | D26: =수량입력!D31 -> High-Viz Yellow & Navy | E26: =수량입력!E31 -> L | F26: =IF(수량입력!H31="",0,수량입력!H31) -> 0 | G26: =수량입력!F31&" "&IF(수량입력!F31=1,"pc",수량입력!G31) -> 1 pc | H26: =IF(F26=0,"-",수량입력!I31&" "&수량입력!G31) -> -
B27: =수량입력!B32 -> ScanTriple HV 003 | C27: =수량입력!C32 -> 1036.44 | D27: =수량입력!D32 -> High-Viz Yellow & Navy | E27: =수량입력!E32 -> XL | F27: =IF(수량입력!H32="",0,수량입력!H32) -> 0 | G27: =수량입력!F32&" "&IF(수량입력!F32=1,"pc",수량입력!G32) -> 1 pc | H27: =IF(F27=0,"-",수량입력!I32&" "&수량입력!G32) -> -
B28: =수량입력!B33 -> ScanTriple HV 003 | C28: =수량입력!C33 -> 1036.44 | D28: =수량입력!D33 -> High-Viz Yellow & Navy | E28: =수량입력!E33 -> 2XL | F28: =IF(수량입력!H33="",0,수량입력!H33) -> 0 | G28: =수량입력!F33&" "&IF(수량입력!F33=1,"pc",수량입력!G33) -> 1 pc | H28: =IF(F28=0,"-",수량입력!I33&" "&수량입력!G33) -> -
B29: =수량입력!B34 -> ScanTriple HV 003 | C29: =수량입력!C34 -> 1036.44 | D29: =수량입력!D34 -> High-Viz Yellow & Navy | E29: =수량입력!E34 -> 3XL | F29: =IF(수량입력!H34="",0,수량입력!H34) -> 0 | G29: =수량입력!F34&" "&IF(수량입력!F34=1,"pc",수량입력!G34) -> 1 pc | H29: =IF(F29=0,"-",수량입력!I34&" "&수량입력!G34) -> -
B30: Subtotal - ScanTriple HV 003 | F30: =SUM(F24:F29) -> 0 | H30: =수량입력!I35&" pcs" -> 0 pcs
A33: ② 문장으로 붙여넣기 (아래 B열 셀들을 복사 → 메일 본문에 붙여넣기, 수량 0인 사이즈는 자동 제외)
B34: Dear Sir/Madam,
B36: Please find below our order for the following Scandia items:
B38: =IF(수량입력!H9=0,"","- ScanFroze Pro (4030.20), Black, 1 set = 12 pairs: "&MID(IF(N(수량입력!H6)>0,", "&수량입력!E6&" x "&수량입력!H6,"")&IF(N(수량입력!H7)>0,", "&수량입력!E7&" x "&수량입력!H7,"")&IF(N(수량입력!H8)>0,", "&수량입력!E8&" x "&수량입력!H8,""),3,500)&" (sets) / Total "&수량입력!H9&" sets = "&수량입력!I9&" pairs")
B39: =IF(수량입력!H15=0,"","- ScanBlizzard (4030.17), High-Viz Yellow & Black, 1 set = 6 pairs: "&MID(IF(N(수량입력!H11)>0,", "&수량입력!E11&" x "&수량입력!H11,"")&IF(N(수량입력!H12)>0,", "&수량입력!E12&" x "&수량입력!H12,"")&IF(N(수량입력!H13)>0,", "&수량입력!E13&" x "&수량입력!H13,"")&IF(N(수량입력!H14)>0,", "&수량입력!E14&" x "&수량입력!H14,""),3,500)&" (sets) / Total "&수량입력!H15&" sets = "&수량입력!I15&" pairs")
B40: =IF(수량입력!H27=0,"","- ScanTitan (2520.17), Black, 1 set = 1 pair: "&MID(IF(N(수량입력!H17)>0,", "&수량입력!E17&" x "&수량입력!H17,"")&IF(N(수량입력!H18)>0,", "&수량입력!E18&" x "&수량입력!H18,"")&IF(N(수량입력!H19)>0,", "&수량입력!E19&" x "&수량입력!H19,"")&IF(N(수량입력!H20)>0,", "&수량입력!E20&" x "&수량입력!H20,"")&IF(N(수량입력!H21)>0,", "&수량입력!E21&" x "&수량입력!H21,"")&IF(N(수량입력!H22)>0,", "&수량입력!E22&" x "&수량입력!H22,"")&IF(N(수량입력!H23)>0,", "&수량입력!E23&" x "&수량입력!H23,"")&IF(N(수량입력!H24)>0,", "&수량입력!E24&" x "&수량입력!H24,"")&IF(N(수량입력!H25)>0,", "&수량입력!E25&" x "&수량입력!H25,"")&IF(N(수량입력!H26)>0,", "&수량입력!E26&" x "&수량입력!H26,""),3,500)&" (sets) / Total "&수량입력!H27&" sets = "&수량입력!I27&" pairs")
B41: =IF(수량입력!H35=0,"","- ScanTriple HV 003 (1036.44), High-Viz Yellow & Navy, 1 set = 1 pc: "&MID(IF(N(수량입력!H29)>0,", "&수량입력!E29&" x "&수량입력!H29,"")&IF(N(수량입력!H30)>0,", "&수량입력!E30&" x "&수량입력!H30,"")&IF(N(수량입력!H31)>0,", "&수량입력!E31&" x "&수량입력!H31,"")&IF(N(수량입력!H32)>0,", "&수량입력!E32&" x "&수량입력!H32,"")&IF(N(수량입력!H33)>0,", "&수량입력!E33&" x "&수량입력!H33,"")&IF(N(수량입력!H34)>0,", "&수량입력!E34&" x "&수량입력!H34,""),3,500)&" (sets) / Total "&수량입력!H35&" sets = "&수량입력!I35&" pcs")
B43: Kindly confirm availability, unit price and delivery time.
B45: Best regards,

Sheet Datasheet 확인
A1: 데이터시트 vs 파일명 수량/사이즈 확인
A3: Product | B3: Product Code | C3: 파일명 | D3: 파일명 수량 | E3: 데이터시트 판매단위 | F3: 1 Set = | G3: 목표 SET | H3: 목표 총수량 | I3: 선택 가능 사이즈 | J3: Colour | K3: 확인 결과 / 메모
A4: ScanFroze Pro | B4: 4030.20 | C4: Priority_01.690.612-Product-Datasheet-ScanFroze-Pro_12_pairs_4_sets.pdf | D4: 12 pairs / 4 sets | E4: Sales quantity: 12 pairs | F4: 12 pairs | G4: 4 | H4: =G4*12&" pairs" -> 48 pairs | I4: 8/M, 9/L, 10/XL | J4: Black | K4: 데이터시트 '판매단위 12 pairs'와 파일명 일치 → 1 set = 12 pairs. 파일명의 01.690.612 는 데이터시트에 없는 번호(업체/내부 품번 추정).
A5: ScanBlizzard | B5: 4030.17 | C5: Priority_Product-Datasheet-ScanBlizzard-1_6_pairs__3_sets.pdf | D5: 6 pairs / 3 sets | E5: Sales quantity: 6 pairs | F5: 6 pairs | G5: 3 | H5: =G5*6&" pairs" -> 18 pairs | I5: 8/M, 9/L, 10/XL, 11/2XL | J5: High-Viz Yellow & Black | K5: 데이터시트 '판매단위 6 pairs'와 파일명 일치 → 1 set = 6 pairs.
A6: ScanTitan | B6: 2520.17 | C6: Priority_Product-Datasheet-ScanTitan-2_15_sets.pdf | D6: 15 sets | E6: (데이터시트에 판매단위 표기 없음) | F6: 1 pair | G6: 15 | H6: =G6*1&" pairs" -> 15 pairs | I6: EU 38–47 / UK 5–12 / USA 6–13 | J6: Black | K6: 판매단위 표기 없음 → 1 set = 1 pair 로 가정(업체 확인 필요). 사이즈 EU 38–47 (UK 5–12 / USA 6–13 병기). EU 10개 vs UK·US 8개라 1:1 환산이 안 되므로 EU 사이즈로 주문 권장.
A7: ScanTriple HV 003 | B7: 1036.44 | C7: Priority_Product-Datasheet-ScanTriple-HV-003-20260806_20_sets.pdf | D7: 20 sets | E7: (데이터시트에 판매단위 표기 없음) | F7: 1 pc | G7: 20 | H7: =G7*1&" pcs" -> 20 pcs | I7: S, M, L, XL, 2XL, 3XL | J7: High-Viz Yellow & Navy | K7: 판매단위 표기 없음 → 1 set = 1 pc 로 가정(업체 확인 필요). 파일명의 20260806 은 데이터시트 개정일.
A9: 출처: 첨부된 Scandia Product Datasheet PDF 4종 (Sales quantity / Available sizes / Available colours 항목) 및 각 파일명.
