Workbook

Sheet 주문리스트
A1: Scan 구매 리스트 (사이즈 확인 및 장갑 품질 비교용 샘플 선적)
A2: 금액 단위: USD · 장바구니 기준 (2026-10-26)
A4: No | B4: 구분 | C4: 품목 | D4: 색상 | E4: 사이즈 | F4: 수량 | G4: 단가 | H4: 금액
A5: 1 | B5: 장갑 | C5: ScanBlizzard (6 pairs) | D5: Standard | E5: 8/M | F5: 1 | G5: 189 | H5: =F5*G5 -> 189
A6: 2 | B6: 장갑 | C6: ScanBlizzard (6 pairs) | D6: Standard | E6: 9/L | F6: 1 | G6: 189 | H6: =F6*G6 -> 189
A7: 3 | B7: 장갑 | C7: ScanBlizzard (6 pairs) | D7: Standard | E7: 10/XL | F7: 1 | G7: 189 | H7: =F7*G7 -> 189
A8: 4 | B8: 장갑 | C8: ScanFroze Pro (12 pairs) | D8: Black | E8: 8/M | F8: 1 | G8: 79 | H8: =F8*G8 -> 79
A9: 5 | B9: 장갑 | C9: ScanFroze Pro (12 pairs) | D9: Black | E9: 9/L | F9: 1 | G9: 79 | H9: =F9*G9 -> 79
A10: 6 | B10: 장갑 | C10: ScanFroze Pro (12 pairs) | D10: Black | E10: 10/XL | F10: 1 | G10: 79 | H10: =F10*G10 -> 79
A11: 7 | B11: 장갑 | C11: ScanFluo (12 Pairs) | D11: - | E11: 미선택 | F11: 1 | G11: 79 | H11: =F11*G11 -> 79
A12: 8 | B12: 의류 | C12: ScanTriple HV 001 Navy | D12: HV Yellow and Navy | E12: XL | F12: 1 | G12: 299 | H12: =F12*G12 -> 299
A13: 9 | B13: 의류 | C13: ScanTriple HV 001 Navy | D13: HV Yellow and Navy | E13: XXL | F13: 1 | G13: 299 | H13: =F13*G13 -> 299
A14: 10 | B14: 의류 | C14: ScanTriple HV 001 Navy | D14: HV Yellow and Navy | E14: 3XL | F14: 1 | G14: 299 | H14: =F14*G14 -> 299
A15: 11 | B15: 의류 | C15: ScanTriple HV 002 Navy | D15: HV Yellow and Navy | E15: XL | F15: 1 | G15: 199 | H15: =F15*G15 -> 199
A16: 12 | B16: 의류 | C16: ScanTriple HV 002 Navy | D16: HV Yellow and Navy | E16: XXL | F16: 1 | G16: 199 | H16: =F16*G16 -> 199
... A23: 19 | B23: 신발 | C23: ScanTitan | D23: Black | E23: 47 | F23: 1 | G23: 169 | H23: =F23*G23 -> 169
E24: 총 수량 | F24: =SUM(F5:F23) -> 19 | G24: 소계 | H24: =SUM(H5:H23) -> 4111
G25: 세금 | H25: 863.31
G26: 배송비 | H26: 미정
G27: 합계 (배송비 제외) | H27: =H24+H25 -> 4974.31
A29: ※ 구분(장갑/의류/신발)은 품목명·사이즈 체계 기준으로 분류. 노란 행: 사이즈 미선택 항목. 파란 글씨: 장바구니 금액 직접 입력값.

Sheet 품목별요약
A1: 품목별 사이즈 · 수량 요약
A3: 구분 | B3: 품목 | C3: 사이즈 구성 | D3: 수량 | E3: 금액
A4: 장갑 | B4: ScanBlizzard (6 pairs) | C4: 8/M, 9/L, 10/XL | D4: =SUMIF(주문리스트!$C$5:$C$23,B4,주문리스트!$F$5:$F$23) -> 3 | E4: =SUMIF(주문리스트!$C$5:$C$23,B4,주문리스트!$H$5:$H$23) -> 567
A5: 장갑 | B5: ScanFroze Pro (12 pairs) | C5: 8/M, 9/L, 10/XL | D5: =SUMIF(주문리스트!$C$5:$C$23,B5,주문리스트!$F$5:$F$23) -> 3 | E5: =SUMIF(주문리스트!$C$5:$C$23,B5,주문리스트!$H$5:$H$23) -> 237
A6: 장갑 | B6: ScanFluo (12 Pairs) | C6: 미선택 | D6: =SUMIF(주문리스트!$C$5:$C$23,B6,주문리스트!$F$5:$F$23) -> 1 | E6: =SUMIF(주문리스트!$C$5:$C$23,B6,주문리스트!$H$5:$H$23) -> 79
A7: 의류 | B7: ScanTriple HV 001 Navy | C7: XL, XXL, 3XL | D7: =SUMIF(주문리스트!$C$5:$C$23,B7,주문리스트!$F$5:$F$23) -> 3 | E7: =SUMIF(주문리스트!$C$5:$C$23,B7,주문리스트!$H$5:$H$23) -> 897
A8: 의류 | B8: ScanTriple HV 002 Navy | C8: XL, XXL, 3XL | D8: =SUMIF(주문리스트!$C$5:$C$23,B8,주문리스트!$F$5:$F$23) -> 3 | E8: =SUMIF(주문리스트!$C$5:$C$23,B8,주문리스트!$H$5:$H$23) -> 597
A9: 의류 | B9: ScanTriple HV 003 Navy | C9: M, L, XXL, 3XL | D9: =SUMIF(주문리스트!$C$5:$C$23,B9,주문리스트!$F$5:$F$23) -> 4 | E9: =SUMIF(주문리스트!$C$5:$C$23,B9,주문리스트!$H$5:$H$23) -> 1396
A10: 신발 | B10: ScanTitan | C10: 46, 47 | D10: =SUMIF(주문리스트!$C$5:$C$23,B10,주문리스트!$F$5:$F$23) -> 2 | E10: =SUMIF(주문리스트!$C$5:$C$23,B10,주문리스트!$H$5:$H$23) -> 338
C11: 합계 | D11: =SUM(D4:D10) -> 19 | E11: =SUM(E4:E10) -> 4111
A13: 구분별
A14: 구분 | D14: 수량 | E14: 금액
A15: 장갑 | D15: =SUMIF($A$4:$A$10,A15,$D$4:$D$10) -> 7 | E15: =SUMIF($A$4:$A$10,A15,$E$4:$E$10) -> 883
A16: 의류 | D16: =SUMIF($A$4:$A$10,A16,$D$4:$D$10) -> 10 | E16: =SUMIF($A$4:$A$10,A16,$E$4:$E$10) -> 2890
A17: 신발 | D17: =SUMIF($A$4:$A$10,A17,$D$4:$D$10) -> 2 | E17: =SUMIF($A$4:$A$10,A17,$E$4:$E$10) -> 338
