Workbook

Sheet 비교 요약
A1: 선박 서버 견적 비교 — 비아이자이로 vs 디앤오
A2: 출처: 비아이자이로 견적서 BI-ES60582 (2026-09-14) / 디앤오 견적서 11-2 수정 (2026-09-16) + 세부사양 11-1 | 금액 단위: 원, VAT 별도
B3: 비아이자이로 | C3: 디앤오
A5: 1. 가격 비교 (1척 기준)
A6: 구분 | B6: 비아이자이로 | C6: 디앤오 | D6: 차이 (비아이 − 디앤오) | E6: 비고
A7: 서버 H/W | B7: =SUMIFS('가격 상세'!$G$5:$G$33,'가격 상세'!$A$5:$A$33,$B$3,'가격 상세'!$B$5:$B$33,$A7) -> 41000000 | C7: =SUMIFS('가격 상세'!$G$5:$G$33,'가격 상세'!$A$5:$A$33,$C$3,'가격 상세'!$B$5:$B$33,$A7) -> 26500000 | D7: =B7-C7 -> 14500000 | E7: 비아이: Gen11 / 16코어 / 96GB / 3년 Tech Care 포함 · 디앤오: Gen12 / 12코어 / 64GB
A8: Windows Server 라이선스 | B8: =SUMIFS('가격 상세'!$G$5:$G$33,'가격 상세'!$A$5:$A$33,$B$3,'가격 상세'!$B$5:$B$33,$A8) -> 2200000 | C8: =SUMIFS('가격 상세'!$G$5:$G$33,'가격 상세'!$A$5:$A$33,$C$3,'가격 상세'!$B$5:$B$33,$A8) -> 1950000 | D8: =B8-C8 -> 250000 | E8: 둘 다 2025 Standard 16 Core Pack
A9: Windows CAL | B9: =SUMIFS('가격 상세'!$G$5:$G$33,'가격 상세'!$A$5:$A$33,$B$3,'가격 상세'!$B$5:$B$33,$A9) -> 1540000 | C9: =SUMIFS('가격 상세'!$G$5:$G$33,'가격 상세'!$A$5:$A$33,$C$3,'가격 상세'!$B$5:$B$33,$A9) -> 1020000 | D9: =B9-C9 -> 520000 | E9: 비아이 14개 × 110,000 · 디앤오 12개 × 85,000 (수량 다름)
A10: SQL Server 라이선스 | B10: =SUMIFS('가격 상세'!$G$5:$G$33,'가격 상세'!$A$5:$A$33,$B$3,'가격 상세'!$B$5:$B$33,$A10) -> 2000000 | C10: =SUMIFS('가격 상세'!$G$5:$G$33,'가격 상세'!$A$5:$A$33,$C$3,'가격 상세'!$B$5:$B$33,$A10) -> 1650000 | D10: =B10-C10 -> 350000 | E10: 둘 다 2025 Standard
A11: SQL CAL | B11: =SUMIFS('가격 상세'!$G$5:$G$33,'가격 상세'!$A$5:$A$33,$B$3,'가격 상세'!$B$5:$B$33,$A11) -> 7000000 | C11: =SUMIFS('가격 상세'!$G$5:$G$33,'가격 상세'!$A$5:$A$33,$C$3,'가격 상세'!$B$5:$B$33,$A11) -> 4380000 | D11: =B11-C11 -> 2620000 | E11: 비아이 14개 × 500,000 · 디앤오 12개 × 365,000 (수량 다름)
A12: 세팅·출장 | B12: =SUMIFS('가격 상세'!$G$5:$G$33,'가격 상세'!$A$5:$A$33,$B$3,'가격 상세'!$B$5:$B$33,$A12) -> 3100000 | C12: =SUMIFS('가격 상세'!$G$5:$G$33,'가격 상세'!$A$5:$A$33,$C$3,'가격 상세'!$B$5:$B$33,$A12) -> 1500000 | D12: =B12-C12 -> 1600000 | E12: 비아이: OS·설정 + 출장비 · 디앤오: 프로그램 세팅비 (출장 언급 없음)
A13: ① 동일 범위 소계 (서버 + 라이선스 + 세팅) | B13: =SUM(B7:B12) -> 56840000 | C13: =SUM(C7:C12) -> 37000000 | D13: =SUM(D7:D12) -> 19840000 | E13: 두 업체를 같은 범위로 비교할 수 있는 금액
A14: NAS (비아이만 포함) | B14: =SUMIFS('가격 상세'!$G$5:$G$33,'가격 상세'!$A$5:$A$33,$B$3,'가격 상세'!$B$5:$B$33,"NAS") -> 6380000 | C14: =SUMIFS('가격 상세'!$G$5:$G$33,'가격 상세'!$A$5:$A$33,$C$3,'가격 상세'!$B$5:$B$33,"NAS") -> 0 | D14: =B14-C14 -> 6380000 | E14: Synology DS725+ / 8TB HDD×2 (RAID1) / RAM / 구축 지원 / 출장. 디앤오 견적에는 없음
A15: 현장 설치·네트워크 작업 | B15: =SUMIFS('가격 상세'!$G$5:$G$33,'가격 상세'!$A$5:$A$33,$B$3,'가격 상세'!$B$5:$B$33,"현장 작업") -> 5600000 | C15: =SUMIFS('가격 상세'!$G$5:$G$33,'가격 상세'!$A$5:$A$33,$C$3,'가격 상세'!$B$5:$B$33,"현장 작업") -> 0 | D15: =B15-C15 -> 5600000 | E15: 비아이: '필요시' 항목으로 포함 · 디앤오: '현장 설치는 별도 협의' (금액 미정)
A16: ② 1척 합계 (항목 합산) | B16: =B13+SUM(B14:B15) -> 68820000 | C16: =C13+SUM(C14:C15) -> 37000000 | D16: =D13+SUM(D14:D15) -> 31820000 | E16: 디앤오는 NAS·현장 작업 미포함이라 단순 비교 불가
A17: ③ 견적서에 적힌 1척 금액 | B17: 68020000 | C17: 37000000 | D17: =B17-C17 -> 31020000 | E17: 견적서 원문 금액
A18: ④ 차이 (② − ③) | B18: =B16-B17 -> 800000 | C18: =C16-C17 -> 0 | E18: 비아이: 항목을 다 더하면 68,820,000원인데 견적서 1척 금액은 68,020,000원. 80만원 차이 → 업체에 확인 필요
A20: 2. 척수별 총액 (견적서 기재 1척 금액 기준)
A21: 척수 | B21: 비아이자이로 | C21: 디앤오 | D21: 차이 (비아이 − 디앤오) | E21: 비고
A22: 1척 | B22: =B$17*1 -> 68020000 | C22: =C$17*1 -> 37000000 | D22: =B22-C22 -> 31020000
A23: 2척 | B23: =B$17*2 -> 136040000 | C23: =C$17*2 -> 74000000 | D23: =B23-C23 -> 62040000 | E23: 디앤오 견적 = 2척분 74,000,000
A24: 4척 | B24: =B$17*4 -> 272080000 | C24: =C$17*4 -> 148000000 | D24: =B24-C24 -> 124080000 | E24: 비아이 견적 = 4척분 272,080,000 · 디앤오 4척은 단순 환산
A25: ※ 비아이 금액에는 NAS·현장 작업이 포함되어 있고, 디앤오는 미포함입니다. 동일 범위 비교는 위 ① 소계를 보세요.
A27: 3. IT 매니저 확인 요청 사항
A28: No. | B28: 확인 항목 | E28: 내용
A29: 1 | B29: CPU·메모리 사양 | E29: 비아이: Xeon Gold 6426Y 16코어 / 96GB (16GB×6) · 디앤오: Xeon 6505P 12코어 / 64GB (32GB×2). 선박 서버 용도(SQL 포함)에 디앤오 사양으로 충분한지 확인 부탁드립니다.
A30: 2 | B30: 메모리 구성 | E30: 디앤오는 메모리 2개만 꽂는 구성입니다. 용량 증설 여유는 크지만, 메모리 채널을 일부만 쓰게 되어 성능에 영향이 있는지 확인 부탁드립니다.
A31: 3 | B31: CAL 수량 | E31: 비아이 14개, 디앤오 12개 (Windows·SQL 각각). 실제 필요한 사용자 수를 확인 부탁드립니다.
A32: 4 | B32: 원격관리·보증 | E32: 비아이만 iLO Advanced 3년, Compute Ops Management 3년, HPE Tech Care Essential 3년 포함입니다. 디앤오는 제조사 기본 보증이고, AS는 직접 방문하거나 택배로 보내야 하며 운임은 고객 부담입니다. 선박 원격 지원에 필요한지 판단 부탁드립니다.
A33: 5 | B33: NAS 필요 여부 | E33: 비아이만 NAS 포함 (1척당 6,380,000원). 필요하면 디앤오에도 추가 견적을 받아야 합니다.
A34: 6 | B34: 현장 설치 범위 | E34: 디앤오는 현장 설치가 '별도 협의'라서 실제 금액이 늘어날 수 있습니다. 필요한 작업 범위를 확인 부탁드립니다.
A35: 7 | B35: 전원 케이블 | E35: 비아이: KSC 8305 (한국형 플러그) 1.83m · 디앤오: C13-C14 2m (UPS·PDU 연결용). 선내 전원 환경에 맞는지 확인 부탁드립니다.
A36: 8 | B36: DVD 드라이브 | E36: 비아이만 DVD-RW 포함입니다. 필요 여부 확인 부탁드립니다.
A38: 4. 업체 확인 필요 (구매 담당)
A39: 1 | B39: 견적 유효기간이 둘 다 지났습니다 (비아이 2주 → 2026-09-28까지, 디앤오 3일 → 2026-09-19까지). 발주 전 재견적이 필요합니다.
A40: 2 | B40: 비아이 견적 합계 80만원 차이: 항목 합산 68,820,000원 vs 견적서 1척 금액 68,020,000원.
A41: 3 | B41: 견적 척수가 다릅니다: 비아이 4척 / 디앤오 2척. 최종 척수 기준으로 재견적 받는 것을 권장합니다.

Sheet 서버 사양 비교
A1: 서버 사양 비교 — HPE ProLiant ML350
A2: 주황 = 사양 다름 · 노랑 = 한쪽 견적에만 있음 · 흰색 = 동일
A4: 1. 주요 사양
A5: 항목 | B5: 비아이자이로 | C5: 디앤오 | D5: 차이 / 확인 포인트
A6: 서버 모델 | B6: HPE ProLiant ML350 Gen11 | C6: HPE ProLiant Compute ML350 Gen12 | D6: 디앤오가 한 세대 최신 모델
A7: CPU | B7: Intel Xeon Gold 6426Y ×1 16코어 / 2.5GHz / 185W | C7: Intel Xeon 6505P ×1 12코어 / 2.2GHz / 150W | D7: 비아이가 코어 4개 더 많음. Windows Server는 둘 다 최소 단위인 16코어 라이선스
A8: 메모리 | B8: 96GB 16GB × 6개 (DDR5-4800) | C8: 64GB 32GB × 2개 (DDR5-6400) | D8: 비아이 용량 1.5배. 디앤오는 슬롯 여유가 많지만 메모리 채널 2개만 사용
A9: 디스크 | B9: 1.2TB SAS 12G 10K SFF × 6개 | C9: 1.2TB SAS 12G 10K SFF × 6개 | D9: 동일 (3년 보증 HDD)
A10: RAID 컨트롤러 | B10: MR408i-o 4GB Cache + 96W 배터리 | C10: MR408i-o 4GB Cache + 96W 배터리 | D10: 동일
A11: 네트워크 | B11: Broadcom BCM5719 1Gb 4포트 | C11: Broadcom BCM5719 1Gb 4포트 | D11: 동일
A12: 전원 공급 | B12: 800W Platinum 핫플러그 × 2 (이중화) | C12: 800W Platinum 핫플러그 × 2 (이중화) | D12: 동일
A13: 전원 케이블 | B13: C13 - KSC 8305 (한국형 플러그) 1.83m × 2 | C13: C13 - C14 2m × 2 | D13: 디앤오 케이블은 UPS·PDU용. 선내 콘센트 형태 확인 필요
A14: 광학 드라이브 | B14: DVD-RW 포함 | C14: 없음 | D14: 비아이만 포함
A15: 원격관리 라이선스 | B15: iLO Advanced 3년 + Compute Ops Management 3년 | C15: 없음 (기본 iLO) | D15: 비아이만 포함. 원격 콘솔 등 고급 기능 차이
A16: H/W 보증·서비스 | B16: HPE Tech Care Essential 3년 | C16: 제조사 기본 보증 (AS 직접 방문 또는 택배, 운임 고객 부담) | D16: 비아이만 3년 유상 서비스 포함
A17: 서버 단가 | B17: 41000000 | C17: 26500000 | D17: ="비아이가 "&TEXT(B17-C17,"#,##0")&"원 비쌈" -> 비아이가 14,500,000원 비쌈
A19: 2. 구성품 대조 (견적서 원문 기준)
A20: 기능 | B20: 비아이자이로 구성품 (수량) | C20: 디앤오 구성품 (P/N, 수량) | D20: 비교
A21: 본체 | B21: ML350 Gen11 SFF CTO Server (1) | C21: P72297-B21 ML350 Gen12 NC CTO Server (1) | D21: 상이
A22: CPU | B22: Xeon-Gold 6426Y 2.5GHz 16C 185W (1) | C22: P74503-B21 Xeon 6505P 2.2GHz 12C 150W (1) | D22: 상이
A23: 메모리 | B23: 16GB 1Rx8 DDR5-4800 RDIMM (6) | C23: P69727-B21 32GB 2Rx8 DDR5-6400 RDIMM (2) | D23: 상이
A24: HDD | B24: 1.2TB SAS 12G MC 10K SFF (6) | C24: P28586-B21 1.2TB SAS 12G MC 10K SFF (6) | D24: 동일
A25: 드라이브 케이지 | B25: — (별도 기재 없음) | C25: P72318-B21 8SFF x1 Tri-Mode Drive Cage Kit (1) | D25: 디앤오만 기재
A26: 드라이브 케이블 | B26: 8SFF x1 OROC Box 2/3 Cable Kit (1) | C26: P47235-B21 8SFF x1 OROC Box 2/3 Cable Kit (1) | D26: 동일
A27: RAID 배터리 | B27: 96W Smart Storage Li-ion Battery (1) | C27: P01367-B21 96W Smart Storage Li-ion Battery (1) | D27: 동일
A28: 배터리 케이블 | B28: Smart Storage Battery Cable Kit (1) | C28: P58199-B21 Smart Storage Battery Cable Kit (1) | D28: 동일
A29: RAID 컨트롤러 | B29: MR408i-o Gen11 4GB Cache (1) | C29: P58335-B21 MR408i-o Gen11 4GB Cache (1) | D29: 동일
A30: NIC | B30: Broadcom BCM5719 1Gb 4p OCP3 (1) | C30: P51181-B21 Broadcom BCM5719 1Gb 4p OCP3 (1) | D30: 동일
A31: OCP 연결 | B31: ML350 Gen11 OCP2 Enablement Kit (1) | C31: P72203-B21 CPU1 to Rear OCP SlotB x8 Cable Kit (1) | D31: 세대별 부품
... A39: H/W 서비스 | B39: 3 Year Tech Care Essential ML350 Gen11 (1) | C39: — | D39: 비아이만

Sheet 거래 조건 비교
A1: 거래 조건 비교
A2: 견적서 비고·조건란 기준 · 빨강 = 주의 필요
A4: 항목 | B4: 비아이자이로 | C4: 디앤오 | D4: 비고
A5: 견적 번호 / 일자 | B5: BI-ES60582 / 2026-09-14 | C5: 11-2 (수정) / 2026-09-16
A6: 견적 대상 | B6: 4척 (North Light / Moon / Ocean / Valley) | C6: 2척 (선명 기재 없음) | D6: 척수 다름
A7: 견적 총액 (VAT 별도) | B7: 272080000 | C7: 74000000
A8: 견적 유효기간 | B8: 2주 (2026-09-28까지) | C8: 작성일로부터 3일 (2026-09-19까지) | D8: 둘 다 만료 → 재견적 필요
A9: 납기 | B9: 발주 후 10주 이내 | C9: 발주일로부터 7일 이내 | D9: 디앤오가 훨씬 빠름
A10: 결제 조건 | B10: 자재: 발주 시 선입금 현장 작업비: 작업 완료 후 당월 결제 | C10: 현금 (VAT 별도) 계약금 80% / 잔금 20%
A11: 운송 / 인도 | B11: 자재 운송비 미포함 | C11: 구매자 본사 사무실 인도 선적서류(적재허가서) 발행 불가 | D11: 선박 적재 시 디앤오는 서류 발행 불가
A12: 현장 설치 | B12: 포함 (현장 기타 작업비, 필요시) | C12: 별도 협의 | D12: 디앤오 추가 비용 가능
A13: 보증 / AS | B13: HPE Tech Care Essential 3년 HDD·NAS 3년 보증 | C13: 제조사 기준 (사용자 과실은 유상) AS: 고객 직접 방문 또는 택배, 운임·인건비 고객 부담
A14: 추가 작업 | B14: 추가 자재·작업 필요 시 협의 | C14: —
A15: VAT | B15: 별도 | C15: 별도 (10%)

Sheet 가격 상세
A1: 가격 상세 (1척 기준)
A2: 출처: 비아이자이로 견적서 BI-ES60582 (2026-09-14) / 디앤오 견적서 11-2 수정 (2026-09-16) + 세부사양 11-1 | 금액 단위: 원, VAT 별도 | '구분' 열이 '비교 요약' 시트 집계 기준
A4: 업체 | B4: 구분 | C4: 항목 | D4: 수량 | E4: 단위 | F4: 단가 | G4: 금액 | H4: 비고
A5: 비아이자이로 | B5: 서버 H/W | C5: HPE ML350 Gen11 / Xeon Gold 6426Y 16C / 96GB / 1.2TB×6 / MR408i / DVD / iLO / Power×2 | D5: 1 | E5: SET | F5: 41000000 | G5: =D5*F5 -> 41000000 | H5: 구성품은 '서버 사양 비교' 시트 참고
A6: 비아이자이로 | B6: Windows Server 라이선스 | C6: Windows Server 2025 Standard - 16 Core License Pack | D6: 1 | E6: EA | F6: 2200000 | G6: =D6*F6 -> 2200000
A7: 비아이자이로 | B7: Windows CAL | C7: Windows Server 2025 - 1 User CAL | D7: 14 | E7: EA | F7: 110000 | G7: =D7*F7 -> 1540000
A8: 비아이자이로 | B8: SQL Server 라이선스 | C8: SQL Server 2025 Standard Edition | D8: 1 | E8: EA | F8: 2000000 | G8: =D8*F8 -> 2000000
A9: 비아이자이로 | B9: SQL CAL | C9: SQL Server 2025 - 1 User CAL | D9: 14 | E9: EA | F9: 500000 | G9: =D9*F9 -> 7000000
A10: 비아이자이로 | B10: 세팅·출장 | C10: 납품 및 설치: 초기 OS 및 설정작업 | D10: 1 | E10: 일 | F10: 2500000 | G10: =D10*F10 -> 2500000
A11: 비아이자이로 | B11: 세팅·출장 | C11: 납품 및 설치: 출장비 | D11: 1 | E11: LOT | F11: 600000 | G11: =D11*F11 -> 600000
A12: 비아이자이로 | B12: NAS | C12: Synology DS725+ (2베이) | D12: 1 | E12: EA | F12: 1860000 | G12: =D12*F12 -> 1860000 | H12: 3년 보증
A13: 비아이자이로 | B13: NAS | C13: HDD HAT3320-8T | D13: 2 | E13: EA | F13: 1200000 | G13: =D13*F13 -> 2400000 | H13: 3년 보증
A14: 비아이자이로 | B14: NAS | C14: RAM Synology D4ES04-4G | D14: 1 | E14: EA | F14: 970000 | G14: =D14*F14 -> 970000 | H14: 3년 보증
A15: 비아이자이로 | B15: NAS | C15: 기술지원: RAID1 구성, 초기 구축·사용법 안내, 폴더 권한·스냅샷 백업 설정 | D15: 1 | E15: LOT | F15: 850000 | G15: =D15*F15 -> 850000 | H15: 실사용 용량 약 8TB
A16: 비아이자이로 | B16: NAS | C16: NAS 출장비 | D16: 1 | E16: LOT | F16: 300000 | G16: =D16*F16 -> 300000
A17: 비아이자이로 | B17: 현장 작업 | C17: 기존 네트워크 확인 / 물리 네트워크 구축 | D17: 1 | E17: LOT | F17: 2000000 | G17: =D17*F17 -> 2000000 | H17: 필요시
A18: 비아이자이로 | B18: 현장 작업 | C18: HP ML350 서버 설치 및 LAN 연결 | D18: 1 | E18: LOT | F18: 800000 | G18: =D18*F18 -> 800000 | H18: 필요시
A19: 비아이자이로 | B19: 현장 작업 | C19: NAS 설치 / LAN 연결 | D19: 1 | E19: LOT | F19: 900000 | G19: =D19*F19 -> 900000 | H19: 필요시
A20: 비아이자이로 | B20: 현장 작업 | C20: Laptop 설치 및 설정 | D20: 1 | E20: LOT | F20: 1100000 | G20: =D20*F20 -> 1100000 | H20: 필요시
A21: 비아이자이로 | B21: 현장 작업 | C21: 전체 Network Connect test | D21: 1 | E21: LOT | F21: 800000 | G21: =D21*F21 -> 800000 | H21: 필요시
C22: 비아이자이로 1척 소계 (계산) | G22: =SUM(G5:G21) -> 68820000
A24: 디앤오 | B24: 서버 H/W | C24: HP Server ML350 Gen12 / Xeon 6505P 12C / 64GB / 1.2TB×6 / Dual Power | D24: 1 | E24: SET | F24: 26500000 | G24: =D24*F24 -> 26500000 | H24: 세부사양 11-1 첨부
A25: 디앤오 | B25: Windows Server 라이선스 | C25: Windows Server 2025 Standard - 16 Core License Pack | D25: 1 | E25: EA | F25: 1950000 | G25: =D25*F25 -> 1950000
A26: 디앤오 | B26: Windows CAL | C26: Windows Server 2025 - 1 User CAL | D26: 12 | E26: EA | F26: 85000 | G26: =D26*F26 -> 1020000
A27: 디앤오 | B27: SQL Server 라이선스 | C27: SQL Server 2025 Standard Edition Perpetual 1 Server License | D27: 1 | E27: EA | F27: 1650000 | G27: =D27*F27 -> 1650000
A28: 디앤오 | B28: SQL CAL | C28: SQL Server 2025 - 1 User CAL | D28: 12 | E28: EA | F28: 365000 | G28: =D28*F28 -> 4380000
A29: 디앤오 | B29: 세팅·출장 | C29: 기술료: 프로그램 세팅비 (장비업체에서 진행) | D29: 1 | E29: 식 | F29: 1500000 | G29: =D29*F29 -> 1500000
A30: 디앤오 | B30: 현장 작업 | C30: 공임: 장비 현장 설치 | G30: 0 | H30: 별도 협의 (견적 미포함)
C31: 디앤오 1척 소계 (계산) | G31: =SUM(G24:G30) -> 37000000
