Workbook

Sheet 요약
B2: OPEX 요약 - 업체별 / 선박별
B3: 단위: KRW (부가세 포함 합계 기준). 'OPEX 상세' 시트에서 자동 집계. USD 적용환율: | I3: =설정!$C$4 -> 1350
A5: No | B5: 업체명 | C5: NORTH LIGHT | D5: NORTH MOON | E5: NORTH OCEAN | F5: NORTH VALLEY | G5: OFFICE | H5: 공통(미배분) | I5: 업체 총합계 | K5: 공급가액 | L5: 부가세 | M5: 추가가능 부가세 | N5: VAT추가 시 예상 총액 | O5: 상태
A6: 1 | B6: 고려문화사 | C6: =SUMIFS('OPEX 상세'!$Q$5:$Q$280,'OPEX 상세'!$C$5:$C$280,$B6,'OPEX 상세'!$D$5:$D$280,C$5) -> 0 | D6: =SUMIFS('OPEX 상세'!$Q$5:$Q$280,'OPEX 상세'!$C$5:$C$280,$B6,'OPEX 상세'!$D$5:$D$280,D$5) -> 0 | E6: =SUMIFS('OPEX 상세'!$Q$5:$Q$280,'OPEX 상세'!$C$5:$C$280,$B6,'OPEX 상세'!$D$5:$D$280,E$5) -> 0 | F6: =SUMIFS('OPEX 상세'!$Q$5:$Q$280,'OPEX 상세'!$C$5:$C$280,$B6,'OPEX 상세'!$D$5:$D$280,F$5) -> 0 | G6: =SUMIFS('OPEX 상세'!$Q$5:$Q$280,'OPEX 상세'!$C$5:$C$280,$B6,'OPEX 상세'!$D$5:$D$280,G$5) -> 0 | H6: =SUMIFS('OPEX 상세'!$Q$5:$Q$280,'OPEX 상세'!$C$5:$C$280,$B6,'OPEX 상세'!$D$5:$D$280,H$5) -> 1302400 | I6: =SUM(C6:H6) -> 1302400 | K6: =SUMIFS('OPEX 상세'!$O$5:$O$280,'OPEX 상세'!$C$5:$C$280,$B6) -> 1184000 | L6: =SUMIFS('OPEX 상세'!$P$5:$P$280,'OPEX 상세'!$C$5:$C$280,$B6) -> 118400 | M6: =SUMIFS('OPEX 상세'!$S$5:$S$280,'OPEX 상세'!$C$5:$C$280,$B6) -> 0 | N6: =I6+M6 -> 1302400 | O6: =IF(COUNTIF('OPEX 상세'!$C$5:$C$280,$B6)=0,"입력대기",IF(M6>0,"VAT 추가 가능",""))
A7: 2 | B7: 네오맥스 | C7: =SUMIFS('OPEX 상세'!$Q$5:$Q$280,'OPEX 상세'!$C$5:$C$280,$B7,'OPEX 상세'!$D$5:$D$280,C$5) -> 0 | D7: =SUMIFS('OPEX 상세'!$Q$5:$Q$280,'OPEX 상세'!$C$5:$C$280,$B7,'OPEX 상세'!$D$5:$D$280,D$5) -> 0 | E7: =SUMIFS('OPEX 상세'!$Q$5:$Q$280,'OPEX 상세'!$C$5:$C$280,$B7,'OPEX 상세'!$D$5:$D$280,E$5) -> 0 | F7: =SUMIFS('OPEX 상세'!$Q$5:$Q$280,'OPEX 상세'!$C$5:$C$280,$B7,'OPEX 상세'!$D$5:$D$280,F$5) -> 0 | G7: =SUMIFS('OPEX 상세'!$Q$5:$Q$280,'OPEX 상세'!$C$5:$C$280,$B7,'OPEX 상세'!$D$5:$D$280,G$5) -> 0 | H7: =SUMIFS('OPEX 상세'!$Q$5:$Q$280,'OPEX 상세'!$C$5:$C$280,$B7,'OPEX 상세'!$D$5:$D$280,H$5) -> 0 | I7: =SUM(C7:H7) -> 0 | K7: =SUMIFS('OPEX 상세'!$O$5:$O$280,'OPEX 상세'!$C$5:$C$280,$B7) -> 0 | L7: =SUMIFS('OPEX 상세'!$P$5:$P$280,'OPEX 상세'!$C$5:$C$280,$B7) -> 0 | M7: =SUMIFS('OPEX 상세'!$S$5:$S$280,'OPEX 상세'!$C$5:$C$280,$B7) -> 0 | N7: =I7+M7 -> 0 | O7: =IF(COUNTIF('OPEX 상세'!$C$5:$C$280,$B7)=0,"입력대기",IF(M7>0,"VAT 추가 가능","")) -> 입력대기
A8: 3 | B8: 디앤오 | C8: =SUMIFS('OPEX 상세'!$Q$5:$Q$280,'OPEX 상세'!$C$5:$C$280,$B8,'OPEX 상세'!$D$5:$D$280,C$5) -> 7620000 | D8: =SUMIFS('OPEX 상세'!$Q$5:$Q$280,'OPEX 상세'!$C$5:$C$280,$B8,'OPEX 상세'!$D$5:$D$280,D$5) -> 7620000 | E8: =SUMIFS('OPEX 상세'!$Q$5:$Q$280,'OPEX 상세'!$C$5:$C$280,$B8,'OPEX 상세'!$D$5:$D$280,E$5) -> 38880000 | F8: =SUMIFS('OPEX 상세'!$Q$5:$Q$280,'OPEX 상세'!$C$5:$C$280,$B8,'OPEX 상세'!$D$5:$D$280,F$5) -> 38880000 | G8: =SUMIFS('OPEX 상세'!$Q$5:$Q$280,'OPEX 상세'!$C$5:$C$280,$B8,'OPEX 상세'!$D$5:$D$280,G$5) -> 0 | H8: =SUMIFS('OPEX 상세'!$Q$5:$Q$280,'OPEX 상세'!$C$5:$C$280,$B8,'OPEX 상세'!$D$5:$D$280,H$5) -> 0 | I8: =SUM(C8:H8) -> 93000000 | K8: =SUMIFS('OPEX 상세'!$O$5:$O$280,'OPEX 상세'!$C$5:$C$280,$B8) -> 93000000 | L8: =SUMIFS('OPEX 상세'!$P$5:$P$280,'OPEX 상세'!$C$5:$C$280,$B8) -> 0 | M8: =SUMIFS('OPEX 상세'!$S$5:$S$280,'OPEX 상세'!$C$5:$C$280,$B8) -> 0 | N8: =I8+M8 -> 93000000 | O8: =IF(COUNTIF('OPEX 상세'!$C$5:$C$280,$B8)=0,"입력대기",IF(M8>0,"VAT 추가 가능",""))
A9: 4 | B9: 비아이자이로 | C9: =SUMIFS('OPEX 상세'!$Q$5:$Q$280,'OPEX 상세'!$C$5:$C$280,$B9,'OPEX 상세'!$D$5:$D$280,C$5) -> 41790000 | D9: =SUMIFS('OPEX 상세'!$Q$5:$Q$280,'OPEX 상세'!$C$5:$C$280,$B9,'OPEX 상세'!$D$5:$D$280,D$5) -> 41090000 | E9: =SUMIFS('OPEX 상세'!$Q$5:$Q$280,'OPEX 상세'!$C$5:$C$280,$B9,'OPEX 상세'!$D$5:$D$280,E$5) -> 40840000 | F9: =SUMIFS('OPEX 상세'!$Q$5:$Q$280,'OPEX 상세'!$C$5:$C$280,$B9,'OPEX 상세'!$D$5:$D$280,F$5) -> 42500000 | G9: =SUMIFS('OPEX 상세'!$Q$5:$Q$280,'OPEX 상세'!$C$5:$C$280,$B9,'OPEX 상세'!$D$5:$D$280,G$5) -> 0 | H9: =SUMIFS('OPEX 상세'!$Q$5:$Q$280,'OPEX 상세'!$C$5:$C$280,$B9,'OPEX 상세'!$D$5:$D$280,H$5) -> 0 | I9: =SUM(C9:H9) -> 166220000 | K9: =SUMIFS('OPEX 상세'!$O$5:$O$280,'OPEX 상세'!$C$5:$C$280,$B9) -> 166220000 | L9: =SUMIFS('OPEX 상세'!$P$5:$P$280,'OPEX 상세'!$C$5:$C$280,$B9) -> 0 | M9: =SUMIFS('OPEX 상세'!$S$5:$S$280,'OPEX 상세'!$C$5:$C$280,$B9) -> 0 | N9: =I9+M9 -> 166220000 | O9: =IF(COUNTIF('OPEX 상세'!$C$5:$C$280,$B9)=0,"입력대기",IF(M9>0,"VAT 추가 가능",""))
A10: 5 | B10: 시웨이글로벌 | C10: =SUMIFS('OPEX 상세'!$Q$5:$Q$280,'OPEX 상세'!$C$5:$C$280,$B10,'OPEX 상세'!$D$5:$D$280,C$5) -> 0 | D10: =SUMIFS('OPEX 상세'!$Q$5:$Q$280,'OPEX 상세'!$C$5:$C$280,$B10,'OPEX 상세'!$D$5:$D$280,D$5) -> 0 | E10: =SUMIFS('OPEX 상세'!$Q$5:$Q$280,'OPEX 상세'!$C$5:$C$280,$B10,'OPEX 상세'!$D$5:$D$280,E$5) -> 0 | F10: =SUMIFS('OPEX 상세'!$Q$5:$Q$280,'OPEX 상세'!$C$5:$C$280,$B10,'OPEX 상세'!$D$5:$D$280,F$5) -> 0 | G10: =SUMIFS('OPEX 상세'!$Q$5:$Q$280,'OPEX 상세'!$C$5:$C$280,$B10,'OPEX 상세'!$D$5:$D$280,G$5) -> 0 | H10: =SUMIFS('OPEX 상세'!$Q$5:$Q$280,'OPEX 상세'!$C$5:$C$280,$B10,'OPEX 상세'!$D$5:$D$280,H$5) -> 27300000 | I10: =SUM(C10:H10) -> 27300000 | K10: =SUMIFS('OPEX 상세'!$O$5:$O$280,'OPEX 상세'!$C$5:$C$280,$B10) -> 27300000 | L10: =SUMIFS('OPEX 상세'!$P$5:$P$280,'OPEX 상세'!$C$5:$C$280,$B10) -> 0 | M10: =SUMIFS('OPEX 상세'!$S$5:$S$280,'OPEX 상세'!$C$5:$C$280,$B10) -> 2730000 | N10: =I10+M10 -> 30030000 | O10: =IF(COUNTIF('OPEX 상세'!$C$5:$C$280,$B10)=0,"입력대기",IF(M10>0,"VAT 추가 가능","")) -> VAT 추가 가능
A11: 6 | B11: 옥슨앤파트너스 | C11: =SUMIFS('OPEX 상세'!$Q$5:$Q$280,'OPEX 상세'!$C$5:$C$280,$B11,'OPEX 상세'!$D$5:$D$280,C$5) -> 55145066 | D11: =SUMIFS('OPEX 상세'!$Q$5:$Q$280,'OPEX 상세'!$C$5:$C$280,$B11,'OPEX 상세'!$D$5:$D$280,D$5) -> 92090802 | E11: =SUMIFS('OPEX 상세'!$Q$5:$Q$280,'OPEX 상세'!$C$5:$C$280,$B11,'OPEX 상세'!$D$5:$D$280,E$5) -> 81692477 | F11: =SUMIFS('OPEX 상세'!$Q$5:$Q$280,'OPEX 상세'!$C$5:$C$280,$B11,'OPEX 상세'!$D$5:$D$280,F$5) -> 49108352 | G11: =SUMIFS('OPEX 상세'!$Q$5:$Q$280,'OPEX 상세'!$C$5:$C$280,$B11,'OPEX 상세'!$D$5:$D$280,G$5) -> 241500 | H11: =SUMIFS('OPEX 상세'!$Q$5:$Q$280,'OPEX 상세'!$C$5:$C$280,$B11,'OPEX 상세'!$D$5:$D$280,H$5) -> 0 | I11: =SUM(C11:H11) -> 278278197 | K11: =SUMIFS('OPEX 상세'!$O$5:$O$280,'OPEX 상세'!$C$5:$C$280,$B11) -> 278278197 | L11: =SUMIFS('OPEX 상세'!$P$5:$P$280,'OPEX 상세'!$C$5:$C$280,$B11) -> 0 | M11: =SUMIFS('OPEX 상세'!$S$5:$S$280,'OPEX 상세'!$C$5:$C$280,$B11) -> 0 | N11: =I11+M11 -> 278278197 | O11: =IF(COUNTIF('OPEX 상세'!$C$5:$C$280,$B11)=0,"입력대기",IF(M11>0,"VAT 추가 가능",""))
A12: 7 | B12: 제이앤캐이 | C12: =SUMIFS('OPEX 상세'!$Q$5:$Q$280,'OPEX 상세'!$C$5:$C$280,$B12,'OPEX 상세'!$D$5:$D$280,C$5) -> 36551070 | D12: =SUMIFS('OPEX 상세'!$Q$5:$Q$280,'OPEX 상세'!$C$5:$C$280,$B12,'OPEX 상세'!$D$5:$D$280,D$5) -> 45255564 | E12: =SUMIFS('OPEX 상세'!$Q$5:$Q$280,'OPEX 상세'!$C$5:$C$280,$B12,'OPEX 상세'!$D$5:$D$280,E$5) -> 59556592 | F12: =SUMIFS('OPEX 상세'!$Q$5:$Q$280,'OPEX 상세'!$C$5:$C$280,$B12,'OPEX 상세'!$D$5:$D$280,F$5) -> 53916216 | G12: =SUMIFS('OPEX 상세'!$Q$5:$Q$280,'OPEX 상세'!$C$5:$C$280,$B12,'OPEX 상세'!$D$5:$D$280,G$5) -> 0 | H12: =SUMIFS('OPEX 상세'!$Q$5:$Q$280,'OPEX 상세'!$C$5:$C$280,$B12,'OPEX 상세'!$D$5:$D$280,H$5) -> 0 | I12: =SUM(C12:H12) -> 195279442 | K12: =SUMIFS('OPEX 상세'!$O$5:$O$280,'OPEX 상세'!$C$5:$C$280,$B12) -> 195279442 | L12: =SUMIFS('OPEX 상세'!$P$5:$P$280,'OPEX 상세'!$C$5:$C$280,$B12) -> 0 | M12: =SUMIFS('OPEX 상세'!$S$5:$S$280,'OPEX 상세'!$C$5:$C$280,$B12) -> 0 | N12: =I12+M12 -> 195279442 | O12: =IF(COUNTIF('OPEX 상세'!$C$5:$C$280,$B12)=0,"입력대기",IF(M12>0,"VAT 추가 가능",""))
A13: 8 | B13: 한국해양개발 | C13: =SUMIFS('OPEX 상세'!$Q$5:$Q$280,'OPEX 상세'!$C$5:$C$280,$B13,'OPEX 상세'!$D$5:$D$280,C$5) -> 1030200 | D13: =SUMIFS('OPEX 상세'!$Q$5:$Q$280,'OPEX 상세'!$C$5:$C$280,$B13,'OPEX 상세'!$D$5:$D$280,D$5) -> 1809200 | E13: =SUMIFS('OPEX 상세'!$Q$5:$Q$280,'OPEX 상세'!$C$5:$C$280,$B13,'OPEX 상세'!$D$5:$D$280,E$5) -> 1809200 | F13: =SUMIFS('OPEX 상세'!$Q$5:$Q$280,'OPEX 상세'!$C$5:$C$280,$B13,'OPEX 상세'!$D$5:$D$280,F$5) -> 1809200 | G13: =SUMIFS('OPEX 상세'!$Q$5:$Q$280,'OPEX 상세'!$C$5:$C$280,$B13,'OPEX 상세'!$D$5:$D$280,G$5) -> 0 | H13: =SUMIFS('OPEX 상세'!$Q$5:$Q$280,'OPEX 상세'!$C$5:$C$280,$B13,'OPEX 상세'!$D$5:$D$280,H$5) -> 0 | I13: =SUM(C13:H13) -> 6457800 | K13: =SUMIFS('OPEX 상세'!$O$5:$O$280,'OPEX 상세'!$C$5:$C$280,$B13) -> 6421000 | L13: =SUMIFS('OPEX 상세'!$P$5:$P$280,'OPEX 상세'!$C$5:$C$280,$B13) -> 36800 | M13: =SUMIFS('OPEX 상세'!$S$5:$S$280,'OPEX 상세'!$C$5:$C$280,$B13) -> 0 | N13: =I13+M13 -> 6457800 | O13: =IF(COUNTIF('OPEX 상세'!$C$5:$C$280,$B13)=0,"입력대기",IF(M13>0,"VAT 추가 가능",""))
A14: 9 | B14: 한일후지코리아 | C14: =SUMIFS('OPEX 상세'!$Q$5:$Q$280,'OPEX 상세'!$C$5:$C$280,$B14,'OPEX 상세'!$D$5:$D$280,C$5) -> 0 | D14: =SUMIFS('OPEX 상세'!$Q$5:$Q$280,'OPEX 상세'!$C$5:$C$280,$B14,'OPEX 상세'!$D$5:$D$280,D$5) -> 0 | E14: =SUMIFS('OPEX 상세'!$Q$5:$Q$280,'OPEX 상세'!$C$5:$C$280,$B14,'OPEX 상세'!$D$5:$D$280,E$5) -> 0 | F14: =SUMIFS('OPEX 상세'!$Q$5:$Q$280,'OPEX 상세'!$C$5:$C$280,$B14,'OPEX 상세'!$D$5:$D$280,F$5) -> 0 | G14: =SUMIFS('OPEX 상세'!$Q$5:$Q$280,'OPEX 상세'!$C$5:$C$280,$B14,'OPEX 상세'!$D$5:$D$280,G$5) -> 0 | H14: =SUMIFS('OPEX 상세'!$Q$5:$Q$280,'OPEX 상세'!$C$5:$C$280,$B14,'OPEX 상세'!$D$5:$D$280,H$5) -> 0 | I14: =SUM(C14:H14) -> 0 | K14: =SUMIFS('OPEX 상세'!$O$5:$O$280,'OPEX 상세'!$C$5:$C$280,$B14) -> 0 | L14: =SUMIFS('OPEX 상세'!$P$5:$P$280,'OPEX 상세'!$C$5:$C$280,$B14) -> 0 | M14: =SUMIFS('OPEX 상세'!$S$5:$S$280,'OPEX 상세'!$C$5:$C$280,$B14) -> 0 | N14: =I14+M14 -> 0 | O14: =IF(COUNTIF('OPEX 상세'!$C$5:$C$280,$B14)=0,"입력대기",IF(M14>0,"VAT 추가 가능","")) -> 입력대기
A15: 10 | B15: 해인쉽스서비스 | C15: =SUMIFS('OPEX 상세'!$Q$5:$Q$280,'OPEX 상세'!$C$5:$C$280,$B15,'OPEX 상세'!$D$5:$D$280,C$5) -> 10206800 | D15: =SUMIFS('OPEX 상세'!$Q$5:$Q$280,'OPEX 상세'!$C$5:$C$280,$B15,'OPEX 상세'!$D$5:$D$280,D$5) -> 3120000 | E15: =SUMIFS('OPEX 상세'!$Q$5:$Q$280,'OPEX 상세'!$C$5:$C$280,$B15,'OPEX 상세'!$D$5:$D$280,E$5) -> 18017500 | F15: =SUMIFS('OPEX 상세'!$Q$5:$Q$280,'OPEX 상세'!$C$5:$C$280,$B15,'OPEX 상세'!$D$5:$D$280,F$5) -> 9932500 | G15: =SUMIFS('OPEX 상세'!$Q$5:$Q$280,'OPEX 상세'!$C$5:$C$280,$B15,'OPEX 상세'!$D$5:$D$280,G$5) -> 0 | H15: =SUMIFS('OPEX 상세'!$Q$5:$Q$280,'OPEX 상세'!$C$5:$C$280,$B15,'OPEX 상세'!$D$5:$D$280,H$5) -> 0 | I15: =SUM(C15:H15) -> 41276800 | K15: =SUMIFS('OPEX 상세'!$O$5:$O$280,'OPEX 상세'!$C$5:$C$280,$B15) -> 41276800 | L15: =SUMIFS('OPEX 상세'!$P$5:$P$280,'OPEX 상세'!$C$5:$C$280,$B15) -> 0 | M15: =SUMIFS('OPEX 상세'!$S$5:$S$280,'OPEX 상세'!$C$5:$C$280,$B15) -> 0 | N15: =I15+M15 -> 41276800 | O15: =IF(COUNTIF('OPEX 상세'!$C$5:$C$280,$B15)=0,"입력대기",IF(M15>0,"VAT 추가 가능",""))
A16: 11 | B16: 화인컴에스이 | C16: =SUMIFS('OPEX 상세'!$Q$5:$Q$280,'OPEX 상세'!$C$5:$C$280,$B16,'OPEX 상세'!$D$5:$D$280,C$5) -> 0 | D16: =SUMIFS('OPEX 상세'!$Q$5:$Q$280,'OPEX 상세'!$C$5:$C$280,$B16,'OPEX 상세'!$D$5:$D$280,D$5) -> 0 | E16: =SUMIFS('OPEX 상세'!$Q$5:$Q$280,'OPEX 상세'!$C$5:$C$280,$B16,'OPEX 상세'!$D$5:$D$280,E$5) -> 0 | F16: =SUMIFS('OPEX 상세'!$Q$5:$Q$280,'OPEX 상세'!$C$5:$C$280,$B16,'OPEX 상세'!$D$5:$D$280,F$5) -> 0 | G16: =SUMIFS('OPEX 상세'!$Q$5:$Q$280,'OPEX 상세'!$C$5:$C$280,$B16,'OPEX 상세'!$D$5:$D$280,G$5) -> 0 | H16: =SUMIFS('OPEX 상세'!$Q$5:$Q$280,'OPEX 상세'!$C$5:$C$280,$B16,'OPEX 상세'!$D$5:$D$280,H$5) -> 12600000 | I16: =SUM(C16:H16) -> 12600000 | K16: =SUMIFS('OPEX 상세'!$O$5:$O$280,'OPEX 상세'!$C$5:$C$280,$B16) -> 12600000 | L16: =SUMIFS('OPEX 상세'!$P$5:$P$280,'OPEX 상세'!$C$5:$C$280,$B16) -> 0 | M16: =SUMIFS('OPEX 상세'!$S$5:$S$280,'OPEX 상세'!$C$5:$C$280,$B16) -> 1260000 | N16: =I16+M16 -> 13860000 | O16: =IF(COUNTIF('OPEX 상세'!$C$5:$C$280,$B16)=0,"입력대기",IF(M16>0,"VAT 추가 가능","")) -> VAT 추가 가능
B17: 합계 | C17: =SUM(C6:C16) -> 152343136 | D17: =SUM(D6:D16) -> 190985566 | E17: =SUM(E6:E16) -> 240795769 | F17: =SUM(F6:F16) -> 196146268 | G17: =SUM(G6:G16) -> 241500 | H17: =SUM(H6:H16) -> 41202400 | I17: =SUM(I6:I16) -> 821714639 | K17: =SUM(K6:K16) -> 821559439 | L17: =SUM(L6:L16) -> 155200 | M17: =SUM(M6:M16) -> 3990000 | N17: =SUM(N6:N16) -> 825704639
B18: 검증 (상세 합계와 차이) | I18: =I17-'OPEX 상세'!Q281 -> 0
B20: 선박별 공급가액 / 부가세
B21: 선박 | C21: 공급가액 | D21: 부가세 | E21: 합계 | F21: 추가가능 부가세 | G21: 비중
B22: NORTH LIGHT | C22: =SUMIFS('OPEX 상세'!$O$5:$O$280,'OPEX 상세'!$D$5:$D$280,$B22) -> 152333936 | D22: =SUMIFS('OPEX 상세'!$P$5:$P$280,'OPEX 상세'!$D$5:$D$280,$B22) -> 9200 | E22: =C22+D22 -> 152343136 | F22: =SUMIFS('OPEX 상세'!$S$5:$S$280,'OPEX 상세'!$D$5:$D$280,$B22) -> 0 | G22: =IF($E$28=0,0,E22/$E$28) -> 0.18539664
B23: NORTH MOON | C23: =SUMIFS('OPEX 상세'!$O$5:$O$280,'OPEX 상세'!$D$5:$D$280,$B23) -> 190976366 | D23: =SUMIFS('OPEX 상세'!$P$5:$P$280,'OPEX 상세'!$D$5:$D$280,$B23) -> 9200 | E23: =C23+D23 -> 190985566 | F23: =SUMIFS('OPEX 상세'!$S$5:$S$280,'OPEX 상세'!$D$5:$D$280,$B23) -> 0 | G23: =IF($E$28=0,0,E23/$E$28) -> 0.23242322
B24: NORTH OCEAN | C24: =SUMIFS('OPEX 상세'!$O$5:$O$280,'OPEX 상세'!$D$5:$D$280,$B24) -> 240786569 | D24: =SUMIFS('OPEX 상세'!$P$5:$P$280,'OPEX 상세'!$D$5:$D$280,$B24) -> 9200 | E24: =C24+D24 -> 240795769 | F24: =SUMIFS('OPEX 상세'!$S$5:$S$280,'OPEX 상세'!$D$5:$D$280,$B24) -> 0 | G24: =IF($E$28=0,0,E24/$E$28) -> 0.29304062
B25: NORTH VALLEY | C25: =SUMIFS('OPEX 상세'!$O$5:$O$280,'OPEX 상세'!$D$5:$D$280,$B25) -> 196137068 | D25: =SUMIFS('OPEX 상세'!$P$5:$P$280,'OPEX 상세'!$D$5:$D$280,$B25) -> 9200 | E25: =C25+D25 -> 196146268 | F25: =SUMIFS('OPEX 상세'!$S$5:$S$280,'OPEX 상세'!$D$5:$D$280,$B25) -> 0 | G25: =IF($E$28=0,0,E25/$E$28) -> 0.23870363
B26: OFFICE | C26: =SUMIFS('OPEX 상세'!$O$5:$O$280,'OPEX 상세'!$D$5:$D$280,$B26) -> 241500 | D26: =SUMIFS('OPEX 상세'!$P$5:$P$280,'OPEX 상세'!$D$5:$D$280,$B26) -> 0 | E26: =C26+D26 -> 241500 | F26: =SUMIFS('OPEX 상세'!$S$5:$S$280,'OPEX 상세'!$D$5:$D$280,$B26) -> 0 | G26: =IF($E$28=0,0,E26/$E$28) -> 0.00029389765
B27: 공통(미배분) | C27: =SUMIFS('OPEX 상세'!$O$5:$O$280,'OPEX 상세'!$D$5:$D$280,$B27) -> 41084000 | D27: =SUMIFS('OPEX 상세'!$P$5:$P$280,'OPEX 상세'!$D$5:$D$280,$B27) -> 118400 | E27: =C27+D27 -> 41202400 | F27: =SUMIFS('OPEX 상세'!$S$5:$S$280,'OPEX 상세'!$D$5:$D$280,$B27) -> 3990000 | G27: =IF($E$28=0,0,E27/$E$28) -> 0.050141981
B28: 합계 | C28: =SUM(C22:C27) -> 821559439 | D28: =SUM(D22:D27) -> 155200 | E28: =SUM(E22:E27) -> 821714639 | F28: =SUM(F22:F27) -> 3990000 | G28: =SUM(G22:G27) -> 1
B30: 참고
B31: · OFFICE: 선박이 아닌 사무실 물품 (옥슨앤파트너스 감독님 작업복/헬멧 등).
B32: · 옥슨앤파트너스: 2026-10-02 선박별 인보이스 기준 PO 단위 입력 (일자 = 납품일). 인보이스에 없는 건은 비고에 '※ 10/2 인보이스 미포함' 표시.
B33: · 공통(미배분): 금액이 작거나 선박별로 쪼개기 애매한 건 (고려문화사 로그북, 시웨이글로벌, 화인컴에스이).
B34: · 시웨이글로벌 / 화인컴에스이: 적재허가서 문제로 현재 부가세별도. 부가세 10% 추가 시 '추가가능 부가세' 만큼 증가.
B35: · 네오맥스 / 한일후지코리아: 데이터 입력 대기. 'OPEX 상세' 시트 빈 행에 입력하면 자동 반영.
B36: · USD 항목(디앤오 Server, NAS)은 '설정' 시트 환율로 원화 환산. 환율 확정 시 설정 시트 노란 칸만 수정.

Sheet OPEX 상세
A1: OPEX 상세 내역
A2: 입력: 파란 글씨 칸만 입력 / 검정 글씨는 자동계산. 비과세 = 부가세 없음(부가세별도). 과세 + 'VAT포함' = 입력금액에 부가세 포함, 과세 + 'VAT별도' = 입력금액에 10% 가산. USD는 설정 시트 환율로 환산. VAT추가가능 'Y' = 현재 미포함이나 추가될 수 있는 부가세 별도 집계. 일자는 2026-09-30 형식으로 입력 (옥슨은 납품일).
A4: No | B4: 일자 | C4: 업체명 | D4: 선박 | E4: OPEX 코드 | F4: OPEX 계정명 (자동) | G4: 업체 구매코드 | H4: PO / 인보이스 No. | I4: 품목 / 내역 | J4: 과세구분 | K4: 통화 | L4: 입력금액 (통화기준) | M4: 금액기준 (과세시) | N4: 원화금액 (KRW) | O4: 공급가액 (KRW) | P4: 부가세 (KRW) | Q4: 합계 (KRW) | R4: VAT 추가가능 | S4: 추가가능 부가세 | T4: 비고 (REMARK)
A5: =IF(C5="","",COUNTA($C$5:C5)) -> 1 | C5: 고려문화사 | D5: 공통(미배분) | F5: =IF(E5="","",IFERROR(INDEX(코드관리!$C$7:$C$66,MATCH(E5,코드관리!$B$7:$B$66,0)),"미등록 코드")) | I5: 로그북 제작 | J5: 과세 | K5: KRW | L5: 1302400 | M5: VAT포함 | N5: =IF(L5="","",IF(K5="USD",ROUND(L5*설정!$C$4,0),L5)) -> 1302400 | O5: =IF(N5="","",IF(AND(J5="과세",M5="VAT포함"),ROUND(N5/(1+설정!$C$5),0),N5)) -> 1184000 | P5: =IF(N5="","",IF(J5="과세",IF(M5="VAT포함",N5-O5,ROUND(O5*설정!$C$5,0)),0)) -> 118400 | Q5: =IF(N5="","",O5+P5) -> 1302400 | S5: =IF(OR(N5="",R5<>"Y"),"",ROUND(O5*설정!$C$5,0)) | T5: 과세. 1,302,400원 = 부가세 포함으로 가정(공급가 1,184,000) - 확인 필요. 선박 미배분
A6: =IF(C6="","",COUNTA($C$5:C6)) -> 2 | C6: 디앤오 | D6: NORTH LIGHT | F6: =IF(E6="","",IFERROR(INDEX(코드관리!$C$7:$C$66,MATCH(E6,코드관리!$B$7:$B$66,0)),"미등록 코드")) | I6: Desktop | J6: 비과세 | K6: KRW | L6: 3680000 | N6: =IF(L6="","",IF(K6="USD",ROUND(L6*설정!$C$4,0),L6)) -> 3680000 | O6: =IF(N6="","",IF(AND(J6="과세",M6="VAT포함"),ROUND(N6/(1+설정!$C$5),0),N6)) -> 3680000 | P6: =IF(N6="","",IF(J6="과세",IF(M6="VAT포함",N6-O6,ROUND(O6*설정!$C$5,0)),0)) -> 0 | Q6: =IF(N6="","",O6+P6) -> 3680000 | S6: =IF(OR(N6="",R6<>"Y"),"",ROUND(O6*설정!$C$5,0))
A7: =IF(C7="","",COUNTA($C$5:C7)) -> 3 | C7: 디앤오 | D7: NORTH LIGHT | F7: =IF(E7="","",IFERROR(INDEX(코드관리!$C$7:$C$66,MATCH(E7,코드관리!$B$7:$B$66,0)),"미등록 코드")) | I7: NAS Storage | J7: 비과세 | K7: USD | L7: 2800 | N7: =IF(L7="","",IF(K7="USD",ROUND(L7*설정!$C$4,0),L7)) -> 3780000 | O7: =IF(N7="","",IF(AND(J7="과세",M7="VAT포함"),ROUND(N7/(1+설정!$C$5),0),N7)) -> 3780000 | P7: =IF(N7="","",IF(J7="과세",IF(M7="VAT포함",N7-O7,ROUND(O7*설정!$C$5,0)),0)) -> 0 | Q7: =IF(N7="","",O7+P7) -> 3780000 | S7: =IF(OR(N7="",R7<>"Y"),"",ROUND(O7*설정!$C$5,0)) | T7: USD 2,800 (설정 환율 적용)
A8: =IF(C8="","",COUNTA($C$5:C8)) -> 4 | C8: 디앤오 | D8: NORTH LIGHT | F8: =IF(E8="","",IFERROR(INDEX(코드관리!$C$7:$C$66,MATCH(E8,코드관리!$B$7:$B$66,0)),"미등록 코드")) | I8: Monitor | J8: 비과세 | K8: KRW | L8: 160000 | N8: =IF(L8="","",IF(K8="USD",ROUND(L8*설정!$C$4,0),L8)) -> 160000 | O8: =IF(N8="","",IF(AND(J8="과세",M8="VAT포함"),ROUND(N8/(1+설정!$C$5),0),N8)) -> 160000 | P8: =IF(N8="","",IF(J8="과세",IF(M8="VAT포함",N8-O8,ROUND(O8*설정!$C$5,0)),0)) -> 0 | Q8: =IF(N8="","",O8+P8) -> 160000 | S8: =IF(OR(N8="",R8<>"Y"),"",ROUND(O8*설정!$C$5,0))
A9: =IF(C9="","",COUNTA($C$5:C9)) -> 5 | C9: 디앤오 | D9: NORTH MOON | F9: =IF(E9="","",IFERROR(INDEX(코드관리!$C$7:$C$66,MATCH(E9,코드관리!$B$7:$B$66,0)),"미등록 코드")) | I9: Desktop | J9: 비과세 | K9: KRW | L9: 3680000 | N9: =IF(L9="","",IF(K9="USD",ROUND(L9*설정!$C$4,0),L9)) -> 3680000 | O9: =IF(N9="","",IF(AND(J9="과세",M9="VAT포함"),ROUND(N9/(1+설정!$C$5),0),N9)) -> 3680000 | P9: =IF(N9="","",IF(J9="과세",IF(M9="VAT포함",N9-O9,ROUND(O9*설정!$C$5,0)),0)) -> 0 | Q9: =IF(N9="","",O9+P9) -> 3680000 | S9: =IF(OR(N9="",R9<>"Y"),"",ROUND(O9*설정!$C$5,0))
A10: =IF(C10="","",COUNTA($C$5:C10)) -> 6 | C10: 디앤오 | D10: NORTH MOON | F10: =IF(E10="","",IFERROR(INDEX(코드관리!$C$7:$C$66,MATCH(E10,코드관리!$B$7:$B$66,0)),"미등록 코드")) | I10: NAS Storage | J10: 비과세 | K10: USD | L10: 2800 | N10: =IF(L10="","",IF(K10="USD",ROUND(L10*설정!$C$4,0),L10)) -> 3780000 | O10: =IF(N10="","",IF(AND(J10="과세",M10="VAT포함"),ROUND(N10/(1+설정!$C$5),0),N10)) -> 3780000 | P10: =IF(N10="","",IF(J10="과세",IF(M10="VAT포함",N10-O10,ROUND(O10*설정!$C$5,0)),0)) -> 0 | Q10: =IF(N10="","",O10+P10) -> 3780000 | S10: =IF(OR(N10="",R10<>"Y"),"",ROUND(O10*설정!$C$5,0)) | T10: USD 2,800 (설정 환율 적용)
A11: =IF(C11="","",COUNTA($C$5:C11)) -> 7 | C11: 디앤오 | D11: NORTH MOON | F11: =IF(E11="","",IFERROR(INDEX(코드관리!$C$7:$C$66,MATCH(E11,코드관리!$B$7:$B$66,0)),"미등록 코드")) | I11: Monitor | J11: 비과세 | K11: KRW | L11: 160000 | N11: =IF(L11="","",IF(K11="USD",ROUND(L11*설정!$C$4,0),L11)) -> 160000 | O11: =IF(N11="","",IF(AND(J11="과세",M11="VAT포함"),ROUND(N11/(1+설정!$C$5),0),N11)) -> 160000 | P11: =IF(N11="","",IF(J11="과세",IF(M11="VAT포함",N11-O11,ROUND(O11*설정!$C$5,0)),0)) -> 0 | Q11: =IF(N11="","",O11+P11) -> 160000 | S11: =IF(OR(N11="",R11<>"Y"),"",ROUND(O11*설정!$C$5,0))
A12: =IF(C12="","",COUNTA($C$5:C12)) -> 8 | C12: 디앤오 | D12: NORTH OCEAN | F12: =IF(E12="","",IFERROR(INDEX(코드관리!$C$7:$C$66,MATCH(E12,코드관리!$B$7:$B$66,0)),"미등록 코드")) | I12: Server | J12: 비과세 | K12: USD | L12: 26000 | N12: =IF(L12="","",IF(K12="USD",ROUND(L12*설정!$C$4,0),L12)) -> 35100000 | O12: =IF(N12="","",IF(AND(J12="과세",M12="VAT포함"),ROUND(N12/(1+설정!$C$5),0),N12)) -> 35100000 | P12: =IF(N12="","",IF(J12="과세",IF(M12="VAT포함",N12-O12,ROUND(O12*설정!$C$5,0)),0)) -> 0 | Q12: =IF(N12="","",O12+P12) -> 35100000 | S12: =IF(OR(N12="",R12<>"Y"),"",ROUND(O12*설정!$C$5,0)) | T12: USD 26,000 (설정 환율 적용)
A13: =IF(C13="","",COUNTA($C$5:C13)) -> 9 | C13: 디앤오 | D13: NORTH OCEAN | F13: =IF(E13="","",IFERROR(INDEX(코드관리!$C$7:$C$66,MATCH(E13,코드관리!$B$7:$B$66,0)),"미등록 코드")) | I13: NAS Storage | J13: 비과세 | K13: USD | L13: 2800 | N13: =IF(L13="","",IF(K13="USD",ROUND(L13*설정!$C$4,0),L13)) -> 3780000 | O13: =IF(N13="","",IF(AND(J13="과세",M13="VAT포함"),ROUND(N13/(1+설정!$C$5),0),N13)) -> 3780000 | P13: =IF(N13="","",IF(J13="과세",IF(M13="VAT포함",N13-O13,ROUND(O13*설정!$C$5,0)),0)) -> 0 | Q13: =IF(N13="","",O13+P13) -> 3780000 | S13: =IF(OR(N13="",R13<>"Y"),"",ROUND(O13*설정!$C$5,0)) | T13: USD 2,800 (설정 환율 적용)
A14: =IF(C14="","",COUNTA($C$5:C14)) -> 10 | C14: 디앤오 | D14: NORTH VALLEY | F14: =IF(E14="","",IFERROR(INDEX(코드관리!$C$7:$C$66,MATCH(E14,코드관리!$B$7:$B$66,0)),"미등록 코드")) | I14: Server | J14: 비과세 | K14: USD | L14: 26000 | N14: =IF(L14="","",IF(K14="USD",ROUND(L14*설정!$C$4,0),L14)) -> 35100000 | O14: =IF(N14="","",IF(AND(J14="과세",M14="VAT포함"),ROUND(N14/(1+설정!$C$5),0),N14)) -> 35100000 | P14: =IF(N14="","",IF(J14="과세",IF(M14="VAT포함",N14-O14,ROUND(O14*설정!$C$5,0)),0)) -> 0 | Q14: =IF(N14="","",O14+P14) -> 35100000 | S14: =IF(OR(N14="",R14<>"Y"),"",ROUND(O14*설정!$C$5,0)) | T14: USD 26,000 (설정 환율 적용)
A15: =IF(C15="","",COUNTA($C$5:C15)) -> 11 | C15: 디앤오 | D15: NORTH VALLEY | F15: =IF(E15="","",IFERROR(INDEX(코드관리!$C$7:$C$66,MATCH(E15,코드관리!$B$7:$B$66,0)),"미등록 코드")) | I15: NAS Storage | J15: 비과세 | K15: USD | L15: 2800 | N15: =IF(L15="","",IF(K15="USD",ROUND(L15*설정!$C$4,0),L15)) -> 3780000 | O15: =IF(N15="","",IF(AND(J15="과세",M15="VAT포함"),ROUND(N15/(1+설정!$C$5),0),N15)) -> 3780000 | P15: =IF(N15="","",IF(J15="과세",IF(M15="VAT포함",N15-O15,ROUND(O15*설정!$C$5,0)),0)) -> 0 | Q15: =IF(N15="","",O15+P15) -> 3780000 | S15: =IF(OR(N15="",R15<>"Y"),"",ROUND(O15*설정!$C$5,0)) | T15: USD 2,800 (설정 환율 적용)
A16: =IF(C16="","",COUNTA($C$5:C16)) -> 12 | C16: 비아이자이로 | D16: NORTH LIGHT | F16: =IF(E16="","",IFERROR(INDEX(코드관리!$C$7:$C$66,MATCH(E16,코드관리!$B$7:$B$66,0)),"미등록 코드")) | I16: Laptop | J16: 비과세 | K16: KRW | L16: 33800000 | N16: =IF(L16="","",IF(K16="USD",ROUND(L16*설정!$C$4,0),L16)) -> 33800000 | O16: =IF(N16="","",IF(AND(J16="과세",M16="VAT포함"),ROUND(N16/(1+설정!$C$5),0),N16)) -> 33800000 | P16: =IF(N16="","",IF(J16="과세",IF(M16="VAT포함",N16-O16,ROUND(O16*설정!$C$5,0)),0)) -> 0 | Q16: =IF(N16="","",O16+P16) -> 33800000 | S16: =IF(OR(N16="",R16<>"Y"),"",ROUND(O16*설정!$C$5,0)) | T16: 선박별 33,800,000 (4척 각각) - 확인 필요
A17: =IF(C17="","",COUNTA($C$5:C17)) -> 13 | C17: 비아이자이로 | D17: NORTH LIGHT | F17: =IF(E17="","",IFERROR(INDEX(코드관리!$C$7:$C$66,MATCH(E17,코드관리!$B$7:$B$66,0)),"미등록 코드")) | I17: 네트워크 셋팅 | J17: 비과세 | K17: KRW | L17: 7990000 | N17: =IF(L17="","",IF(K17="USD",ROUND(L17*설정!$C$4,0),L17)) -> 7990000 | O17: =IF(N17="","",IF(AND(J17="과세",M17="VAT포함"),ROUND(N17/(1+설정!$C$5),0),N17)) -> 7990000 | P17: =IF(N17="","",IF(J17="과세",IF(M17="VAT포함",N17-O17,ROUND(O17*설정!$C$5,0)),0)) -> 0 | Q17: =IF(N17="","",O17+P17) -> 7990000 | S17: =IF(OR(N17="",R17<>"Y"),"",ROUND(O17*설정!$C$5,0))
A18: =IF(C18="","",COUNTA($C$5:C18)) -> 14 | C18: 비아이자이로 | D18: NORTH MOON | F18: =IF(E18="","",IFERROR(INDEX(코드관리!$C$7:$C$66,MATCH(E18,코드관리!$B$7:$B$66,0)),"미등록 코드")) | I18: Laptop | J18: 비과세 | K18: KRW | L18: 33800000 | N18: =IF(L18="","",IF(K18="USD",ROUND(L18*설정!$C$4,0),L18)) -> 33800000 | O18: =IF(N18="","",IF(AND(J18="과세",M18="VAT포함"),ROUND(N18/(1+설정!$C$5),0),N18)) -> 33800000 | P18: =IF(N18="","",IF(J18="과세",IF(M18="VAT포함",N18-O18,ROUND(O18*설정!$C$5,0)),0)) -> 0 | Q18: =IF(N18="","",O18+P18) -> 33800000 | S18: =IF(OR(N18="",R18<>"Y"),"",ROUND(O18*설정!$C$5,0)) | T18: 선박별 33,800,000 (4척 각각) - 확인 필요
A19: =IF(C19="","",COUNTA($C$5:C19)) -> 15 | C19: 비아이자이로 | D19: NORTH MOON | F19: =IF(E19="","",IFERROR(INDEX(코드관리!$C$7:$C$66,MATCH(E19,코드관리!$B$7:$B$66,0)),"미등록 코드")) | I19: 네트워크 셋팅 | J19: 비과세 | K19: KRW | L19: 7290000 | N19: =IF(L19="","",IF(K19="USD",ROUND(L19*설정!$C$4,0),L19)) -> 7290000 | O19: =IF(N19="","",IF(AND(J19="과세",M19="VAT포함"),ROUND(N19/(1+설정!$C$5),0),N19)) -> 7290000 | P19: =IF(N19="","",IF(J19="과세",IF(M19="VAT포함",N19-O19,ROUND(O19*설정!$C$5,0)),0)) -> 0 | Q19: =IF(N19="","",O19+P19) -> 7290000 | S19: =IF(OR(N19="",R19<>"Y"),"",ROUND(O19*설정!$C$5,0))
A20: =IF(C20="","",COUNTA($C$5:C20)) -> 16 | C20: 비아이자이로 | D20: NORTH OCEAN | F20: =IF(E20="","",IFERROR(INDEX(코드관리!$C$7:$C$66,MATCH(E20,코드관리!$B$7:$B$66,0)),"미등록 코드")) | I20: Laptop | J20: 비과세 | K20: KRW | L20: 33800000 | N20: =IF(L20="","",IF(K20="USD",ROUND(L20*설정!$C$4,0),L20)) -> 33800000 | O20: =IF(N20="","",IF(AND(J20="과세",M20="VAT포함"),ROUND(N20/(1+설정!$C$5),0),N20)) -> 33800000 | P20: =IF(N20="","",IF(J20="과세",IF(M20="VAT포함",N20-O20,ROUND(O20*설정!$C$5,0)),0)) -> 0 | Q20: =IF(N20="","",O20+P20) -> 33800000 | S20: =IF(OR(N20="",R20<>"Y"),"",ROUND(O20*설정!$C$5,0)) | T20: 선박별 33,800,000 (4척 각각) - 확인 필요
A21: =IF(C21="","",COUNTA($C$5:C21)) -> 17 | C21: 비아이자이로 | D21: NORTH OCEAN | F21: =IF(E21="","",IFERROR(INDEX(코드관리!$C$7:$C$66,MATCH(E21,코드관리!$B$7:$B$66,0)),"미등록 코드")) | I21: 네트워크 셋팅 | J21: 비과세 | K21: KRW | L21: 7040000 | N21: =IF(L21="","",IF(K21="USD",ROUND(L21*설정!$C$4,0),L21)) -> 7040000 | O21: =IF(N21="","",IF(AND(J21="과세",M21="VAT포함"),ROUND(N21/(1+설정!$C$5),0),N21)) -> 7040000 | P21: =IF(N21="","",IF(J21="과세",IF(M21="VAT포함",N21-O21,ROUND(O21*설정!$C$5,0)),0)) -> 0 | Q21: =IF(N21="","",O21+P21) -> 7040000 | S21: =IF(OR(N21="",R21<>"Y"),"",ROUND(O21*설정!$C$5,0))
A22: =IF(C22="","",COUNTA($C$5:C22)) -> 18 | C22: 비아이자이로 | D22: NORTH VALLEY | F22: =IF(E22="","",IFERROR(INDEX(코드관리!$C$7:$C$66,MATCH(E22,코드관리!$B$7:$B$66,0)),"미등록 코드")) | I22: Laptop | J22: 비과세 | K22: KRW | L22: 33800000 | N22: =IF(L22="","",IF(K22="USD",ROUND(L22*설정!$C$4,0),L22)) -> 33800000 | O22: =IF(N22="","",IF(AND(J22="과세",M22="VAT포함"),ROUND(N22/(1+설정!$C$5),0),N22)) -> 33800000 | P22: =IF(N22="","",IF(J22="과세",IF(M22="VAT포함",N22-O22,ROUND(O22*설정!$C$5,0)),0)) -> 0 | Q22: =IF(N22="","",O22+P22) -> 33800000 | S22: =IF(OR(N22="",R22<>"Y"),"",ROUND(O22*설정!$C$5,0)) | T22: 선박별 33,800,000 (4척 각각) - 확인 필요
A23: =IF(C23="","",COUNTA($C$5:C23)) -> 19 | C23: 비아이자이로 | D23: NORTH VALLEY | F23: =IF(E23="","",IFERROR(INDEX(코드관리!$C$7:$C$66,MATCH(E23,코드관리!$B$7:$B$66,0)),"미등록 코드")) | I23: 네트워크 셋팅 | J23: 비과세 | K23: KRW | L23: 8700000 | N23: =IF(L23="","",IF(K23="USD",ROUND(L23*설정!$C$4,0),L23)) -> 8700000 | O23: =IF(N23="","",IF(AND(J23="과세",M23="VAT포함"),ROUND(N23/(1+설정!$C$5),0),N23)) -> 8700000 | P23: =IF(N23="","",IF(J23="과세",IF(M23="VAT포함",N23-O23,ROUND(O23*설정!$C$5,0)),0)) -> 0 | Q23: =IF(N23="","",O23+P23) -> 8700000 | S23: =IF(OR(N23="",R23<>"Y"),"",ROUND(O23*설정!$C$5,0))
A24: =IF(C24="","",COUNTA($C$5:C24)) -> 20 | C24: 시웨이글로벌 | D24: 공통(미배분) | F24: =IF(E24="","",IFERROR(INDEX(코드관리!$C$7:$C$66,MATCH(E24,코드관리!$B$7:$B$66,0)),"미등록 코드")) | I24: (품목 확인 필요) | J24: 비과세 | K24: KRW | L24: 27300000 | N24: =IF(L24="","",IF(K24="USD",ROUND(L24*설정!$C$4,0),L24)) -> 27300000 | O24: =IF(N24="","",IF(AND(J24="과세",M24="VAT포함"),ROUND(N24/(1+설정!$C$5),0),N24)) -> 27300000 | P24: =IF(N24="","",IF(J24="과세",IF(M24="VAT포함",N24-O24,ROUND(O24*설정!$C$5,0)),0)) -> 0 | Q24: =IF(N24="","",O24+P24) -> 27300000 | R24: Y | S24: =IF(OR(N24="",R24<>"Y"),"",ROUND(O24*설정!$C$5,0)) -> 2730000 | T24: 적재허가서 문제로 현재 부가세별도. 부가세 10% 추가 가능성
A25: =IF(C25="","",COUNTA($C$5:C25)) -> 21 | B25: 46289 | C25: 옥슨앤파트너스 | D25: NORTH LIGHT | F25: =IF(E25="","",IFERROR(INDEX(코드관리!$C$7:$C$66,MATCH(E25,코드관리!$B$7:$B$66,0)),"미등록 코드")) | H25: GOS-26-0984 | I25: Stamp (바뀐 선명) | J25: 비과세 | K25: KRW | L25: 981600 | N25: =IF(L25="","",IF(K25="USD",ROUND(L25*설정!$C$4,0),L25)) -> 981600 | O25: =IF(N25="","",IF(AND(J25="과세",M25="VAT포함"),ROUND(N25/(1+설정!$C$5),0),N25)) -> 981600 | P25: =IF(N25="","",IF(J25="과세",IF(M25="VAT포함",N25-O25,ROUND(O25*설정!$C$5,0)),0)) -> 0 | Q25: =IF(N25="","",O25+P25) -> 981600 | S25: =IF(OR(N25="",R25<>"Y"),"",ROUND(O25*설정!$C$5,0)) | T25: 옥슨 INV 2026-10-02 / 납품 여수항. 신규 선명 AEOLUS
A26: =IF(C26="","",COUNTA($C$5:C26)) -> 22 | B26: 46289 | C26: 옥슨앤파트너스 | D26: NORTH LIGHT | F26: =IF(E26="","",IFERROR(INDEX(코드관리!$C$7:$C$66,MATCH(E26,코드관리!$B$7:$B$66,0)),"미등록 코드")) | H26: IOB-26-0993 | I26: Safety boots & Goggle | J26: 비과세 | K26: KRW | L26: 2256796 | N26: =IF(L26="","",IF(K26="USD",ROUND(L26*설정!$C$4,0),L26)) -> 2256796 | O26: =IF(N26="","",IF(AND(J26="과세",M26="VAT포함"),ROUND(N26/(1+설정!$C$5),0),N26)) -> 2256796 | P26: =IF(N26="","",IF(J26="과세",IF(M26="VAT포함",N26-O26,ROUND(O26*설정!$C$5,0)),0)) -> 0 | Q26: =IF(N26="","",O26+P26) -> 2256796 | S26: =IF(OR(N26="",R26<>"Y"),"",ROUND(O26*설정!$C$5,0)) | T26: 옥슨 INV 2026-10-02 / 납품 여수항. 방한화, 보안경, 고글
A27: =IF(C27="","",COUNTA($C$5:C27)) -> 23 | B27: 46296 | C27: 옥슨앤파트너스 | D27: NORTH LIGHT | F27: =IF(E27="","",IFERROR(INDEX(코드관리!$C$7:$C$66,MATCH(E27,코드관리!$B$7:$B$66,0)),"미등록 코드")) | H27: IOB-4VS-26-1010 | I27: 방한돕바, 안전모, 안전모 끈 | J27: 비과세 | K27: KRW | L27: 1342000 | N27: =IF(L27="","",IF(K27="USD",ROUND(L27*설정!$C$4,0),L27)) -> 1342000 | O27: =IF(N27="","",IF(AND(J27="과세",M27="VAT포함"),ROUND(N27/(1+설정!$C$5),0),N27)) -> 1342000 | P27: =IF(N27="","",IF(J27="과세",IF(M27="VAT포함",N27-O27,ROUND(O27*설정!$C$5,0)),0)) -> 0 | Q27: =IF(N27="","",O27+P27) -> 1342000 | S27: =IF(OR(N27="",R27<>"Y"),"",ROUND(O27*설정!$C$5,0)) | T27: 옥슨 INV 2026-10-02 / 납품 여수항. 4척 공통 발주(IOB-4VS) 중 해당 선박분
A28: =IF(C28="","",COUNTA($C$5:C28)) -> 24 | B28: 46296 | C28: 옥슨앤파트너스 | D28: NORTH LIGHT | F28: =IF(E28="","",IFERROR(INDEX(코드관리!$C$7:$C$66,MATCH(E28,코드관리!$B$7:$B$66,0)),"미등록 코드")) | H28: IOB-4VS-26-1014 | I28: 방한용품 (방한장갑, 발열내의, 바라클라바, 양말, 넥워머 등) | J28: 비과세 | K28: KRW | L28: 3689825 | N28: =IF(L28="","",IF(K28="USD",ROUND(L28*설정!$C$4,0),L28)) -> 3689825 | O28: =IF(N28="","",IF(AND(J28="과세",M28="VAT포함"),ROUND(N28/(1+설정!$C$5),0),N28)) -> 3689825 | P28: =IF(N28="","",IF(J28="과세",IF(M28="VAT포함",N28-O28,ROUND(O28*설정!$C$5,0)),0)) -> 0 | Q28: =IF(N28="","",O28+P28) -> 3689825 | S28: =IF(OR(N28="",R28<>"Y"),"",ROUND(O28*설정!$C$5,0)) | T28: 옥슨 INV 2026-10-02 / 납품 여수항. 4척 공통 발주(IOB-4VS) 중 해당 선박분
A29: =IF(C29="","",COUNTA($C$5:C29)) -> 25 | B29: 46296 | C29: 옥슨앤파트너스 | D29: NORTH LIGHT | F29: =IF(E29="","",IFERROR(INDEX(코드관리!$C$7:$C$66,MATCH(E29,코드관리!$B$7:$B$66,0)),"미등록 코드")) | H29: IOB-4VS-26-1017 | I29: 절연장갑 (1000V / 7500V) | J29: 비과세 | K29: KRW | L29: 380800 | N29: =IF(L29="","",IF(K29="USD",ROUND(L29*설정!$C$4,0),L29)) -> 380800 | O29: =IF(N29="","",IF(AND(J29="과세",M29="VAT포함"),ROUND(N29/(1+설정!$C$5),0),N29)) -> 380800 | P29: =IF(N29="","",IF(J29="과세",IF(M29="VAT포함",N29-O29,ROUND(O29*설정!$C$5,0)),0)) -> 0 | Q29: =IF(N29="","",O29+P29) -> 380800 | S29: =IF(OR(N29="",R29<>"Y"),"",ROUND(O29*설정!$C$5,0)) | T29: 옥슨 INV 2026-10-02 / 납품 여수항. 4척 공통 발주(IOB-4VS) 중 해당 선박분
A30: =IF(C30="","",COUNTA($C$5:C30)) -> 26 | B30: 46296 | C30: 옥슨앤파트너스 | D30: NORTH LIGHT | F30: =IF(E30="","",IFERROR(INDEX(코드관리!$C$7:$C$66,MATCH(E30,코드관리!$B$7:$B$66,0)),"미등록 코드")) | H30: IOB-NOL-26-1023 | I30: 염화칼슘 25kg x 8 bags | J30: 비과세 | K30: KRW | L30: 151800 | N30: =IF(L30="","",IF(K30="USD",ROUND(L30*설정!$C$4,0),L30)) -> 151800 | O30: =IF(N30="","",IF(AND(J30="과세",M30="VAT포함"),ROUND(N30/(1+설정!$C$5),0),N30)) -> 151800 | P30: =IF(N30="","",IF(J30="과세",IF(M30="VAT포함",N30-O30,ROUND(O30*설정!$C$5,0)),0)) -> 0 | Q30: =IF(N30="","",O30+P30) -> 151800 | S30: =IF(OR(N30="",R30<>"Y"),"",ROUND(O30*설정!$C$5,0)) | T30: 옥슨 INV 2026-10-02 / 납품 여수항. 4척 분배 8/8/8/4 bags (@18,975)
A31: =IF(C31="","",COUNTA($C$5:C31)) -> 27 | B31: 46296 | C31: 옥슨앤파트너스 | D31: NORTH LIGHT | F31: =IF(E31="","",IFERROR(INDEX(코드관리!$C$7:$C$66,MATCH(E31,코드관리!$B$7:$B$66,0)),"미등록 코드")) | H31: IOB-NOL-26-1028 | I31: M/E Oxygen sensor (A/B) 3 sets | J31: 비과세 | K31: KRW | L31: 5175000 | N31: =IF(L31="","",IF(K31="USD",ROUND(L31*설정!$C$4,0),L31)) -> 5175000 | O31: =IF(N31="","",IF(AND(J31="과세",M31="VAT포함"),ROUND(N31/(1+설정!$C$5),0),N31)) -> 5175000 | P31: =IF(N31="","",IF(J31="과세",IF(M31="VAT포함",N31-O31,ROUND(O31*설정!$C$5,0)),0)) -> 0 | Q31: =IF(N31="","",O31+P31) -> 5175000 | S31: =IF(OR(N31="",R31<>"Y"),"",ROUND(O31*설정!$C$5,0)) | T31: 옥슨 INV 2026-10-02 / 납품 여수항. 4척에 3개씩 보급 (HANWHA MAN B&W 5G70ME-C10.5, @1,725,000)
A32: =IF(C32="","",COUNTA($C$5:C32)) -> 28 | B32: 46297 | C32: 옥슨앤파트너스 | D32: NORTH LIGHT | F32: =IF(E32="","",IFERROR(INDEX(코드관리!$C$7:$C$66,MATCH(E32,코드관리!$B$7:$B$66,0)),"미등록 코드")) | H32: IOB-NOL-26-1050 (CLAIM NO. C-059) | I32: IGG O2 Sensor - Analyzer ass'y | J32: 비과세 | K32: KRW | L32: 4400000 | N32: =IF(L32="","",IF(K32="USD",ROUND(L32*설정!$C$4,0),L32)) -> 4400000 | O32: =IF(N32="","",IF(AND(J32="과세",M32="VAT포함"),ROUND(N32/(1+설정!$C$5),0),N32)) -> 4400000 | P32: =IF(N32="","",IF(J32="과세",IF(M32="VAT포함",N32-O32,ROUND(O32*설정!$C$5,0)),0)) -> 0 | Q32: =IF(N32="","",O32+P32) -> 4400000 | S32: =IF(OR(N32="",R32<>"Y"),"",ROUND(O32*설정!$C$5,0)) | T32: 옥슨 INV 2026-10-02 / 납품 여수항. Claim No. C-059 / KANGRIM OA-Z-IG2
A33: =IF(C33="","",COUNTA($C$5:C33)) -> 29 | B33: 46289 | C33: 옥슨앤파트너스 | D33: NORTH MOON | F33: =IF(E33="","",IFERROR(INDEX(코드관리!$C$7:$C$66,MATCH(E33,코드관리!$B$7:$B$66,0)),"미등록 코드")) | H33: GOS-26-0984 | I33: Stamp (바뀐 선명) | J33: 비과세 | K33: KRW | L33: 981600 | N33: =IF(L33="","",IF(K33="USD",ROUND(L33*설정!$C$4,0),L33)) -> 981600 | O33: =IF(N33="","",IF(AND(J33="과세",M33="VAT포함"),ROUND(N33/(1+설정!$C$5),0),N33)) -> 981600 | P33: =IF(N33="","",IF(J33="과세",IF(M33="VAT포함",N33-O33,ROUND(O33*설정!$C$5,0)),0)) -> 0 | Q33: =IF(N33="","",O33+P33) -> 981600 | S33: =IF(OR(N33="",R33<>"Y"),"",ROUND(O33*설정!$C$5,0)) | T33: 옥슨 INV 2026-10-02 / 납품 여수항. 신규 선명 MELICERTES
A34: =IF(C34="","",COUNTA($C$5:C34)) -> 30 | B34: 46289 | C34: 옥슨앤파트너스 | D34: NORTH MOON | F34: =IF(E34="","",IFERROR(INDEX(코드관리!$C$7:$C$66,MATCH(E34,코드관리!$B$7:$B$66,0)),"미등록 코드")) | H34: IOB-26-0993 | I34: Safety boots & Goggle | J34: 비과세 | K34: KRW | L34: 1258180 | N34: =IF(L34="","",IF(K34="USD",ROUND(L34*설정!$C$4,0),L34)) -> 1258180 | O34: =IF(N34="","",IF(AND(J34="과세",M34="VAT포함"),ROUND(N34/(1+설정!$C$5),0),N34)) -> 1258180 | P34: =IF(N34="","",IF(J34="과세",IF(M34="VAT포함",N34-O34,ROUND(O34*설정!$C$5,0)),0)) -> 0 | Q34: =IF(N34="","",O34+P34) -> 1258180 | S34: =IF(OR(N34="",R34<>"Y"),"",ROUND(O34*설정!$C$5,0)) | T34: 옥슨 INV 2026-10-02 / 납품 여수항. 방한화, 보안경, 고글
A35: =IF(C35="","",COUNTA($C$5:C35)) -> 31 | B35: 46296 | C35: 옥슨앤파트너스 | D35: NORTH MOON | F35: =IF(E35="","",IFERROR(INDEX(코드관리!$C$7:$C$66,MATCH(E35,코드관리!$B$7:$B$66,0)),"미등록 코드")) | H35: IOB-NMO-26-1000 (A260923-002) | I35: Engine part (선용품) | J35: 비과세 | K35: KRW | L35: 16651957 | N35: =IF(L35="","",IF(K35="USD",ROUND(L35*설정!$C$4,0),L35)) -> 16651957 | O35: =IF(N35="","",IF(AND(J35="과세",M35="VAT포함"),ROUND(N35/(1+설정!$C$5),0),N35)) -> 16651957 | P35: =IF(N35="","",IF(J35="과세",IF(M35="VAT포함",N35-O35,ROUND(O35*설정!$C$5,0)),0)) -> 0 | Q35: =IF(N35="","",O35+P35) -> 16651957 | S35: =IF(OR(N35="",R35<>"Y"),"",ROUND(O35*설정!$C$5,0)) | T35: 옥슨 INV 2026-10-02 / 납품 여수항
A36: =IF(C36="","",COUNTA($C$5:C36)) -> 32 | B36: 46296 | C36: 옥슨앤파트너스 | D36: NORTH MOON | F36: =IF(E36="","",IFERROR(INDEX(코드관리!$C$7:$C$66,MATCH(E36,코드관리!$B$7:$B$66,0)),"미등록 코드")) | H36: IOB-NMO-26-1001 (A260923-004) | I36: Deck part | J36: 비과세 | K36: KRW | L36: 5290660 | N36: =IF(L36="","",IF(K36="USD",ROUND(L36*설정!$C$4,0),L36)) -> 5290660 | O36: =IF(N36="","",IF(AND(J36="과세",M36="VAT포함"),ROUND(N36/(1+설정!$C$5),0),N36)) -> 5290660 | P36: =IF(N36="","",IF(J36="과세",IF(M36="VAT포함",N36-O36,ROUND(O36*설정!$C$5,0)),0)) -> 0 | Q36: =IF(N36="","",O36+P36) -> 5290660 | S36: =IF(OR(N36="",R36<>"Y"),"",ROUND(O36*설정!$C$5,0)) | T36: 옥슨 INV 2026-10-02 / 납품 여수항
... A80: =IF(C80="","",COUNTA($C$5:C80)) -> 76 | B80: 46297 | C80: 옥슨앤파트너스 | D80: NORTH VALLEY | F80: =IF(E80="","",IFERROR(INDEX(코드관리!$C$7:$C$66,MATCH(E80,코드관리!$B$7:$B$66,0)),"미등록 코드")) | H80: INVOICE | I80: 포장비 (Packing) | J80: 비과세 | K80: KRW | L80: 220000 | N80: =IF(L80="","",IF(K80="USD",ROUND(L80*설정!$C$4,0),L80)) -> 220000 | O80: =IF(N80="","",IF(AND(J80="과세",M80="VAT포함"),ROUND(N80/(1+설정!$C$5),0),N80)) -> 220000 | P80: =IF(N80="","",IF(J80="과세",IF(M80="VAT포함",N80-O80,ROUND(O80*설정!$C$5,0)),0)) -> 0 | Q80: =IF(N80="","",O80+P80) -> 220000 | S80: =IF(OR(N80="",R80<>"Y"),"",ROUND(O80*설정!$C$5,0)) | T80: 옥슨 INV 2026-10-02 Additional charge. Wooden pallet x3 (135,000) + Ton bag x17 (85,000)
A81: =IF(C81="","",COUNTA($C$5:C81)) -> 77 | B81: 46282 | C81: 옥슨앤파트너스 | D81: OFFICE | F81: =IF(E81="","",IFERROR(INDEX(코드관리!$C$7:$C$66,MATCH(E81,코드관리!$B$7:$B$66,0)),"미등록 코드")) | I81: 사무실 물품 - 감독님 작업복, 헬멧 | J81: 비과세 | K81: KRW | L81: 241500 | N81: =IF(L81="","",IF(K81="USD",ROUND(L81*설정!$C$4,0),L81)) -> 241500 | O81: =IF(N81="","",IF(AND(J81="과세",M81="VAT포함"),ROUND(N81/(1+설정!$C$5),0),N81)) -> 241500 | P81: =IF(N81="","",IF(J81="과세",IF(M81="VAT포함",N81-O81,ROUND(O81*설정!$C$5,0)),0)) -> 0 | Q81: =IF(N81="","",O81+P81) -> 241500 | S81: =IF(OR(N81="",R81<>"Y"),"",ROUND(O81*설정!$C$5,0)) | T81: ※ 10/2 인보이스 미포함 - 별도 청구 확인 필요. 선박 아님 (OFFICE)
A82: =IF(C82="","",COUNTA($C$5:C82)) -> 78 | C82: 옥슨앤파트너스 | D82: NORTH LIGHT | F82: =IF(E82="","",IFERROR(INDEX(코드관리!$C$7:$C$66,MATCH(E82,코드관리!$B$7:$B$66,0)),"미등록 코드")) | I82: Extra spare parts - Air filter element | J82: 비과세 | K82: KRW | L82: 20493000 | N82: =IF(L82="","",IF(K82="USD",ROUND(L82*설정!$C$4,0),L82)) -> 20493000 | O82: =IF(N82="","",IF(AND(J82="과세",M82="VAT포함"),ROUND(N82/(1+설정!$C$5),0),N82)) -> 20493000 | P82: =IF(N82="","",IF(J82="과세",IF(M82="VAT포함",N82-O82,ROUND(O82*설정!$C$5,0)),0)) -> 0 | Q82: =IF(N82="","",O82+P82) -> 20493000 | S82: =IF(OR(N82="",R82<>"Y"),"",ROUND(O82*설정!$C$5,0)) | T82: ※ 10/2 인보이스 미포함 - 별도 청구 확인 필요. NORTH LIGHT로 견적, Lead time 때문에 기존 보급 안 되었던 건
A83: =IF(C83="","",COUNTA($C$5:C83)) -> 79 | C83: 옥슨앤파트너스 | D83: NORTH VALLEY | F83: =IF(E83="","",IFERROR(INDEX(코드관리!$C$7:$C$66,MATCH(E83,코드관리!$B$7:$B$66,0)),"미등록 코드")) | I83: Extra spare parts - PH sensor for EGR | J83: 비과세 | K83: KRW | L83: 2530000 | N83: =IF(L83="","",IF(K83="USD",ROUND(L83*설정!$C$4,0),L83)) -> 2530000 | O83: =IF(N83="","",IF(AND(J83="과세",M83="VAT포함"),ROUND(N83/(1+설정!$C$5),0),N83)) -> 2530000 | P83: =IF(N83="","",IF(J83="과세",IF(M83="VAT포함",N83-O83,ROUND(O83*설정!$C$5,0)),0)) -> 0 | Q83: =IF(N83="","",O83+P83) -> 2530000 | S83: =IF(OR(N83="",R83<>"Y"),"",ROUND(O83*설정!$C$5,0)) | T83: ※ 10/2 인보이스 미포함 - 별도 청구 확인 필요. Lead time 때문에 기존 보급 안 되었던 건
A84: =IF(C84="","",COUNTA($C$5:C84)) -> 80 | B84: 46268 | C84: 옥슨앤파트너스 | D84: NORTH LIGHT | F84: =IF(E84="","",IFERROR(INDEX(코드관리!$C$7:$C$66,MATCH(E84,코드관리!$B$7:$B$66,0)),"미등록 코드")) | I84: 작업복 | J84: 비과세 | K84: KRW | L84: 9174000 | N84: =IF(L84="","",IF(K84="USD",ROUND(L84*설정!$C$4,0),L84)) -> 9174000 | O84: =IF(N84="","",IF(AND(J84="과세",M84="VAT포함"),ROUND(N84/(1+설정!$C$5),0),N84)) -> 9174000 | P84: =IF(N84="","",IF(J84="과세",IF(M84="VAT포함",N84-O84,ROUND(O84*설정!$C$5,0)),0)) -> 0 | Q84: =IF(N84="","",O84+P84) -> 9174000 | S84: =IF(OR(N84="",R84<>"Y"),"",ROUND(O84*설정!$C$5,0)) | T84: ※ 10/2 인보이스 미포함 - 별도 청구 확인 필요. 9/3 구매 진행 (작업기간 9/3~9/22)
A85: =IF(C85="","",COUNTA($C$5:C85)) -> 81 | B85: 46268 | C85: 옥슨앤파트너스 | D85: NORTH LIGHT | F85: =IF(E85="","",IFERROR(INDEX(코드관리!$C$7:$C$66,MATCH(E85,코드관리!$B$7:$B$66,0)),"미등록 코드")) | I85: 사관용 작업복 | J85: 비과세 | K85: KRW | L85: 4400000 | N85: =IF(L85="","",IF(K85="USD",ROUND(L85*설정!$C$4,0),L85)) -> 4400000 | O85: =IF(N85="","",IF(AND(J85="과세",M85="VAT포함"),ROUND(N85/(1+설정!$C$5),0),N85)) -> 4400000 | P85: =IF(N85="","",IF(J85="과세",IF(M85="VAT포함",N85-O85,ROUND(O85*설정!$C$5,0)),0)) -> 0 | Q85: =IF(N85="","",O85+P85) -> 4400000 | S85: =IF(OR(N85="",R85<>"Y"),"",ROUND(O85*설정!$C$5,0)) | T85: ※ 10/2 인보이스 미포함 - 별도 청구 확인 필요. 9/3 구매 진행 (작업기간 9/3~9/22)
A86: =IF(C86="","",COUNTA($C$5:C86)) -> 82 | B86: 46268 | C86: 옥슨앤파트너스 | D86: NORTH LIGHT | F86: =IF(E86="","",IFERROR(INDEX(코드관리!$C$7:$C$66,MATCH(E86,코드관리!$B$7:$B$66,0)),"미등록 코드")) | I86: Stamp | J86: 비과세 | K86: KRW | L86: 1600245 | N86: =IF(L86="","",IF(K86="USD",ROUND(L86*설정!$C$4,0),L86)) -> 1600245 | O86: =IF(N86="","",IF(AND(J86="과세",M86="VAT포함"),ROUND(N86/(1+설정!$C$5),0),N86)) -> 1600245 | P86: =IF(N86="","",IF(J86="과세",IF(M86="VAT포함",N86-O86,ROUND(O86*설정!$C$5,0)),0)) -> 0 | Q86: =IF(N86="","",O86+P86) -> 1600245 | S86: =IF(OR(N86="",R86<>"Y"),"",ROUND(O86*설정!$C$5,0)) | T86: ※ 10/2 인보이스 미포함 - 별도 청구 확인 필요. 9/3 구매 진행 (작업기간 9/3~9/22)
A87: =IF(C87="","",COUNTA($C$5:C87)) -> 83 | B87: 46268 | C87: 옥슨앤파트너스 | D87: NORTH LIGHT | F87: =IF(E87="","",IFERROR(INDEX(코드관리!$C$7:$C$66,MATCH(E87,코드관리!$B$7:$B$66,0)),"미등록 코드")) | I87: Helmet Earmuffs | J87: 비과세 | K87: KRW | L87: 1100000 | N87: =IF(L87="","",IF(K87="USD",ROUND(L87*설정!$C$4,0),L87)) -> 1100000 | O87: =IF(N87="","",IF(AND(J87="과세",M87="VAT포함"),ROUND(N87/(1+설정!$C$5),0),N87)) -> 1100000 | P87: =IF(N87="","",IF(J87="과세",IF(M87="VAT포함",N87-O87,ROUND(O87*설정!$C$5,0)),0)) -> 0 | Q87: =IF(N87="","",O87+P87) -> 1100000 | S87: =IF(OR(N87="",R87<>"Y"),"",ROUND(O87*설정!$C$5,0)) | T87: ※ 10/2 인보이스 미포함 - 별도 청구 확인 필요. 9/3 구매 진행 (작업기간 9/3~9/22)
A88: =IF(C88="","",COUNTA($C$5:C88)) -> 84 | B88: 46268 | C88: 옥슨앤파트너스 | D88: NORTH MOON | F88: =IF(E88="","",IFERROR(INDEX(코드관리!$C$7:$C$66,MATCH(E88,코드관리!$B$7:$B$66,0)),"미등록 코드")) | I88: 작업복 | J88: 비과세 | K88: KRW | L88: 9174000 | N88: =IF(L88="","",IF(K88="USD",ROUND(L88*설정!$C$4,0),L88)) -> 9174000 | O88: =IF(N88="","",IF(AND(J88="과세",M88="VAT포함"),ROUND(N88/(1+설정!$C$5),0),N88)) -> 9174000 | P88: =IF(N88="","",IF(J88="과세",IF(M88="VAT포함",N88-O88,ROUND(O88*설정!$C$5,0)),0)) -> 0 | Q88: =IF(N88="","",O88+P88) -> 9174000 | S88: =IF(OR(N88="",R88<>"Y"),"",ROUND(O88*설정!$C$5,0)) | T88: ※ 10/2 인보이스 미포함 - 별도 청구 확인 필요. 9/3 구매 진행 (작업기간 9/3~9/22)
A89: =IF(C89="","",COUNTA($C$5:C89)) -> 85 | B89: 46268 | C89: 옥슨앤파트너스 | D89: NORTH MOON | F89: =IF(E89="","",IFERROR(INDEX(코드관리!$C$7:$C$66,MATCH(E89,코드관리!$B$7:$B$66,0)),"미등록 코드")) | I89: 사관용 작업복 | J89: 비과세 | K89: KRW | L89: 4400000 | N89: =IF(L89="","",IF(K89="USD",ROUND(L89*설정!$C$4,0),L89)) -> 4400000 | O89: =IF(N89="","",IF(AND(J89="과세",M89="VAT포함"),ROUND(N89/(1+설정!$C$5),0),N89)) -> 4400000 | P89: =IF(N89="","",IF(J89="과세",IF(M89="VAT포함",N89-O89,ROUND(O89*설정!$C$5,0)),0)) -> 0 | Q89: =IF(N89="","",O89+P89) -> 4400000 | S89: =IF(OR(N89="",R89<>"Y"),"",ROUND(O89*설정!$C$5,0)) | T89: ※ 10/2 인보이스 미포함 - 별도 청구 확인 필요. 9/3 구매 진행 (작업기간 9/3~9/22)
A90: =IF(C90="","",COUNTA($C$5:C90)) -> 86 | B90: 46268 | C90: 옥슨앤파트너스 | D90: NORTH MOON | F90: =IF(E90="","",IFERROR(INDEX(코드관리!$C$7:$C$66,MATCH(E90,코드관리!$B$7:$B$66,0)),"미등록 코드")) | I90: Stamp | J90: 비과세 | K90: KRW | L90: 1581045 | N90: =IF(L90="","",IF(K90="USD",ROUND(L90*설정!$C$4,0),L90)) -> 1581045 | O90: =IF(N90="","",IF(AND(J90="과세",M90="VAT포함"),ROUND(N90/(1+설정!$C$5),0),N90)) -> 1581045 | P90: =IF(N90="","",IF(J90="과세",IF(M90="VAT포함",N90-O90,ROUND(O90*설정!$C$5,0)),0)) -> 0 | Q90: =IF(N90="","",O90+P90) -> 1581045 | S90: =IF(OR(N90="",R90<>"Y"),"",ROUND(O90*설정!$C$5,0)) | T90: ※ 10/2 인보이스 미포함 - 별도 청구 확인 필요. 9/3 구매 진행 (작업기간 9/3~9/22)
A91: =IF(C91="","",COUNTA($C$5:C91)) -> 87 | B91: 46268 | C91: 옥슨앤파트너스 | D91: NORTH MOON | F91: =IF(E91="","",IFERROR(INDEX(코드관리!$C$7:$C$66,MATCH(E91,코드관리!$B$7:$B$66,0)),"미등록 코드")) | I91: Helmet Earmuffs | J91: 비과세 | K91: KRW | L91: 1100000 | N91: =IF(L91="","",IF(K91="USD",ROUND(L91*설정!$C$4,0),L91)) -> 1100000 | O91: =IF(N91="","",IF(AND(J91="과세",M91="VAT포함"),ROUND(N91/(1+설정!$C$5),0),N91)) -> 1100000 | P91: =IF(N91="","",IF(J91="과세",IF(M91="VAT포함",N91-O91,ROUND(O91*설정!$C$5,0)),0)) -> 0 | Q91: =IF(N91="","",O91+P91) -> 1100000 | S91: =IF(OR(N91="",R91<>"Y"),"",ROUND(O91*설정!$C$5,0)) | T91: ※ 10/2 인보이스 미포함 - 별도 청구 확인 필요. 9/3 구매 진행 (작업기간 9/3~9/22)
A92: =IF(C92="","",COUNTA($C$5:C92)) -> 88 | B92: 46268 | C92: 옥슨앤파트너스 | D92: NORTH OCEAN | F92: =IF(E92="","",IFERROR(INDEX(코드관리!$C$7:$C$66,MATCH(E92,코드관리!$B$7:$B$66,0)),"미등록 코드")) | I92: 작업복 | J92: 비과세 | K92: KRW | L92: 9174000 | N92: =IF(L92="","",IF(K92="USD",ROUND(L92*설정!$C$4,0),L92)) -> 9174000 | O92: =IF(N92="","",IF(AND(J92="과세",M92="VAT포함"),ROUND(N92/(1+설정!$C$5),0),N92)) -> 9174000 | P92: =IF(N92="","",IF(J92="과세",IF(M92="VAT포함",N92-O92,ROUND(O92*설정!$C$5,0)),0)) -> 0 | Q92: =IF(N92="","",O92+P92) -> 9174000 | S92: =IF(OR(N92="",R92<>"Y"),"",ROUND(O92*설정!$C$5,0)) | T92: ※ 10/2 인보이스 미포함 - 별도 청구 확인 필요. 9/3 구매 진행 (작업기간 9/3~9/22)
A93: =IF(C93="","",COUNTA($C$5:C93)) -> 89 | B93: 46268 | C93: 옥슨앤파트너스 | D93: NORTH OCEAN | F93: =IF(E93="","",IFERROR(INDEX(코드관리!$C$7:$C$66,MATCH(E93,코드관리!$B$7:$B$66,0)),"미등록 코드")) | I93: 사관용 작업복 | J93: 비과세 | K93: KRW | L93: 4400000 | N93: =IF(L93="","",IF(K93="USD",ROUND(L93*설정!$C$4,0),L93)) -> 4400000 | O93: =IF(N93="","",IF(AND(J93="과세",M93="VAT포함"),ROUND(N93/(1+설정!$C$5),0),N93)) -> 4400000 | P93: =IF(N93="","",IF(J93="과세",IF(M93="VAT포함",N93-O93,ROUND(O93*설정!$C$5,0)),0)) -> 0 | Q93: =IF(N93="","",O93+P93) -> 4400000 | S93: =IF(OR(N93="",R93<>"Y"),"",ROUND(O93*설정!$C$5,0)) | T93: ※ 10/2 인보이스 미포함 - 별도 청구 확인 필요. 9/3 구매 진행 (작업기간 9/3~9/22)
A94: =IF(C94="","",COUNTA($C$5:C94)) -> 90 | B94: 46268 | C94: 옥슨앤파트너스 | D94: NORTH OCEAN | F94: =IF(E94="","",IFERROR(INDEX(코드관리!$C$7:$C$66,MATCH(E94,코드관리!$B$7:$B$66,0)),"미등록 코드")) | I94: Stamp | J94: 비과세 | K94: KRW | L94: 1581045 | N94: =IF(L94="","",IF(K94="USD",ROUND(L94*설정!$C$4,0),L94)) -> 1581045 | O94: =IF(N94="","",IF(AND(J94="과세",M94="VAT포함"),ROUND(N94/(1+설정!$C$5),0),N94)) -> 1581045 | P94: =IF(N94="","",IF(J94="과세",IF(M94="VAT포함",N94-O94,ROUND(O94*설정!$C$5,0)),0)) -> 0 | Q94: =IF(N94="","",O94+P94) -> 1581045 | S94: =IF(OR(N94="",R94<>"Y"),"",ROUND(O94*설정!$C$5,0)) | T94: ※ 10/2 인보이스 미포함 - 별도 청구 확인 필요. 9/3 구매 진행 (작업기간 9/3~9/22)
A95: =IF(C95="","",COUNTA($C$5:C95)) -> 91 | B95: 46268 | C95: 옥슨앤파트너스 | D95: NORTH OCEAN | F95: =IF(E95="","",IFERROR(INDEX(코드관리!$C$7:$C$66,MATCH(E95,코드관리!$B$7:$B$66,0)),"미등록 코드")) | I95: Helmet Earmuffs | J95: 비과세 | K95: KRW | L95: 1100000 | N95: =IF(L95="","",IF(K95="USD",ROUND(L95*설정!$C$4,0),L95)) -> 1100000 | O95: =IF(N95="","",IF(AND(J95="과세",M95="VAT포함"),ROUND(N95/(1+설정!$C$5),0),N95)) -> 1100000 | P95: =IF(N95="","",IF(J95="과세",IF(M95="VAT포함",N95-O95,ROUND(O95*설정!$C$5,0)),0)) -> 0 | Q95: =IF(N95="","",O95+P95) -> 1100000 | S95: =IF(OR(N95="",R95<>"Y"),"",ROUND(O95*설정!$C$5,0)) | T95: ※ 10/2 인보이스 미포함 - 별도 청구 확인 필요. 9/3 구매 진행 (작업기간 9/3~9/22)
... A99: =IF(C99="","",COUNTA($C$5:C99)) -> 95 | B99: 46268 | C99: 옥슨앤파트너스 | D99: NORTH VALLEY | F99: =IF(E99="","",IFERROR(INDEX(코드관리!$C$7:$C$66,MATCH(E99,코드관리!$B$7:$B$66,0)),"미등록 코드")) | I99: Helmet Earmuffs | J99: 비과세 | K99: KRW | L99: 1100000 | N99: =IF(L99="","",IF(K99="USD",ROUND(L99*설정!$C$4,0),L99)) -> 1100000 | O99: =IF(N99="","",IF(AND(J99="과세",M99="VAT포함"),ROUND(N99/(1+설정!$C$5),0),N99)) -> 1100000 | P99: =IF(N99="","",IF(J99="과세",IF(M99="VAT포함",N99-O99,ROUND(O99*설정!$C$5,0)),0)) -> 0 | Q99: =IF(N99="","",O99+P99) -> 1100000 | S99: =IF(OR(N99="",R99<>"Y"),"",ROUND(O99*설정!$C$5,0)) | T99: ※ 10/2 인보이스 미포함 - 별도 청구 확인 필요. 9/3 구매 진행 (작업기간 9/3~9/22)
A100: =IF(C100="","",COUNTA($C$5:C100)) -> 96 | C100: 제이앤캐이 | D100: NORTH LIGHT | F100: =IF(E100="","",IFERROR(INDEX(코드관리!$C$7:$C$66,MATCH(E100,코드관리!$B$7:$B$66,0)),"미등록 코드")) | I100: 주부식 | J100: 비과세 | K100: KRW | L100: 28656495 | N100: =IF(L100="","",IF(K100="USD",ROUND(L100*설정!$C$4,0),L100)) -> 28656495 | O100: =IF(N100="","",IF(AND(J100="과세",M100="VAT포함"),ROUND(N100/(1+설정!$C$5),0),N100)) -> 28656495 | P100: =IF(N100="","",IF(J100="과세",IF(M100="VAT포함",N100-O100,ROUND(O100*설정!$C$5,0)),0)) -> 0 | Q100: =IF(N100="","",O100+P100) -> 28656495 | S100: =IF(OR(N100="",R100<>"Y"),"",ROUND(O100*설정!$C$5,0)) | T100: 부식공급업체. 약 USD 21,000
A101: =IF(C101="","",COUNTA($C$5:C101)) -> 97 | C101: 제이앤캐이 | D101: NORTH LIGHT | F101: =IF(E101="","",IFERROR(INDEX(코드관리!$C$7:$C$66,MATCH(E101,코드관리!$B$7:$B$66,0)),"미등록 코드")) | I101: 접대품 | J101: 비과세 | K101: KRW | L101: 5146892 | N101: =IF(L101="","",IF(K101="USD",ROUND(L101*설정!$C$4,0),L101)) -> 5146892 | O101: =IF(N101="","",IF(AND(J101="과세",M101="VAT포함"),ROUND(N101/(1+설정!$C$5),0),N101)) -> 5146892 | P101: =IF(N101="","",IF(J101="과세",IF(M101="VAT포함",N101-O101,ROUND(O101*설정!$C$5,0)),0)) -> 0 | Q101: =IF(N101="","",O101+P101) -> 5146892 | S101: =IF(OR(N101="",R101<>"Y"),"",ROUND(O101*설정!$C$5,0)) | T101: 부식공급업체
A102: =IF(C102="","",COUNTA($C$5:C102)) -> 98 | C102: 제이앤캐이 | D102: NORTH LIGHT | F102: =IF(E102="","",IFERROR(INDEX(코드관리!$C$7:$C$66,MATCH(E102,코드관리!$B$7:$B$66,0)),"미등록 코드")) | I102: 개인품 | J102: 비과세 | K102: KRW | L102: 878683 | N102: =IF(L102="","",IF(K102="USD",ROUND(L102*설정!$C$4,0),L102)) -> 878683 | O102: =IF(N102="","",IF(AND(J102="과세",M102="VAT포함"),ROUND(N102/(1+설정!$C$5),0),N102)) -> 878683 | P102: =IF(N102="","",IF(J102="과세",IF(M102="VAT포함",N102-O102,ROUND(O102*설정!$C$5,0)),0)) -> 0 | Q102: =IF(N102="","",O102+P102) -> 878683 | S102: =IF(OR(N102="",R102<>"Y"),"",ROUND(O102*설정!$C$5,0)) | T102: 부식공급업체
A103: =IF(C103="","",COUNTA($C$5:C103)) -> 99 | C103: 제이앤캐이 | D103: NORTH LIGHT | F103: =IF(E103="","",IFERROR(INDEX(코드관리!$C$7:$C$66,MATCH(E103,코드관리!$B$7:$B$66,0)),"미등록 코드")) | I103: 작업선 | J103: 비과세 | K103: KRW | L103: 1869000 | N103: =IF(L103="","",IF(K103="USD",ROUND(L103*설정!$C$4,0),L103)) -> 1869000 | O103: =IF(N103="","",IF(AND(J103="과세",M103="VAT포함"),ROUND(N103/(1+설정!$C$5),0),N103)) -> 1869000 | P103: =IF(N103="","",IF(J103="과세",IF(M103="VAT포함",N103-O103,ROUND(O103*설정!$C$5,0)),0)) -> 0 | Q103: =IF(N103="","",O103+P103) -> 1869000 | S103: =IF(OR(N103="",R103<>"Y"),"",ROUND(O103*설정!$C$5,0)) | T103: 부식공급업체
A104: =IF(C104="","",COUNTA($C$5:C104)) -> 100 | C104: 제이앤캐이 | D104: NORTH MOON | F104: =IF(E104="","",IFERROR(INDEX(코드관리!$C$7:$C$66,MATCH(E104,코드관리!$B$7:$B$66,0)),"미등록 코드")) | I104: 주부식 | J104: 비과세 | K104: KRW | L104: 39515305 | N104: =IF(L104="","",IF(K104="USD",ROUND(L104*설정!$C$4,0),L104)) -> 39515305 | O104: =IF(N104="","",IF(AND(J104="과세",M104="VAT포함"),ROUND(N104/(1+설정!$C$5),0),N104)) -> 39515305 | P104: =IF(N104="","",IF(J104="과세",IF(M104="VAT포함",N104-O104,ROUND(O104*설정!$C$5,0)),0)) -> 0 | Q104: =IF(N104="","",O104+P104) -> 39515305 | S104: =IF(OR(N104="",R104<>"Y"),"",ROUND(O104*설정!$C$5,0)) | T104: 부식공급업체. 약 USD 30,000
A105: =IF(C105="","",COUNTA($C$5:C105)) -> 101 | C105: 제이앤캐이 | D105: NORTH MOON | F105: =IF(E105="","",IFERROR(INDEX(코드관리!$C$7:$C$66,MATCH(E105,코드관리!$B$7:$B$66,0)),"미등록 코드")) | I105: 접대품 | J105: 비과세 | K105: KRW | L105: 5740259 | N105: =IF(L105="","",IF(K105="USD",ROUND(L105*설정!$C$4,0),L105)) -> 5740259 | O105: =IF(N105="","",IF(AND(J105="과세",M105="VAT포함"),ROUND(N105/(1+설정!$C$5),0),N105)) -> 5740259 | P105: =IF(N105="","",IF(J105="과세",IF(M105="VAT포함",N105-O105,ROUND(O105*설정!$C$5,0)),0)) -> 0 | Q105: =IF(N105="","",O105+P105) -> 5740259 | S105: =IF(OR(N105="",R105<>"Y"),"",ROUND(O105*설정!$C$5,0)) | T105: 부식공급업체
A106: =IF(C106="","",COUNTA($C$5:C106)) -> 102 | C106: 제이앤캐이 | D106: NORTH OCEAN | F106: =IF(E106="","",IFERROR(INDEX(코드관리!$C$7:$C$66,MATCH(E106,코드관리!$B$7:$B$66,0)),"미등록 코드")) | I106: 주부식 | J106: 비과세 | K106: KRW | L106: 48315826 | N106: =IF(L106="","",IF(K106="USD",ROUND(L106*설정!$C$4,0),L106)) -> 48315826 | O106: =IF(N106="","",IF(AND(J106="과세",M106="VAT포함"),ROUND(N106/(1+설정!$C$5),0),N106)) -> 48315826 | P106: =IF(N106="","",IF(J106="과세",IF(M106="VAT포함",N106-O106,ROUND(O106*설정!$C$5,0)),0)) -> 0 | Q106: =IF(N106="","",O106+P106) -> 48315826 | S106: =IF(OR(N106="",R106<>"Y"),"",ROUND(O106*설정!$C$5,0)) | T106: 부식공급업체. 약 USD 36,000
A107: =IF(C107="","",COUNTA($C$5:C107)) -> 103 | C107: 제이앤캐이 | D107: NORTH OCEAN | F107: =IF(E107="","",IFERROR(INDEX(코드관리!$C$7:$C$66,MATCH(E107,코드관리!$B$7:$B$66,0)),"미등록 코드")) | I107: 접대품 | J107: 비과세 | K107: KRW | L107: 9371766 | N107: =IF(L107="","",IF(K107="USD",ROUND(L107*설정!$C$4,0),L107)) -> 9371766 | O107: =IF(N107="","",IF(AND(J107="과세",M107="VAT포함"),ROUND(N107/(1+설정!$C$5),0),N107)) -> 9371766 | P107: =IF(N107="","",IF(J107="과세",IF(M107="VAT포함",N107-O107,ROUND(O107*설정!$C$5,0)),0)) -> 0 | Q107: =IF(N107="","",O107+P107) -> 9371766 | S107: =IF(OR(N107="",R107<>"Y"),"",ROUND(O107*설정!$C$5,0)) | T107: 부식공급업체
A108: =IF(C108="","",COUNTA($C$5:C108)) -> 104 | C108: 제이앤캐이 | D108: NORTH OCEAN | F108: =IF(E108="","",IFERROR(INDEX(코드관리!$C$7:$C$66,MATCH(E108,코드관리!$B$7:$B$66,0)),"미등록 코드")) | I108: 작업선 | J108: 비과세 | K108: KRW | L108: 1869000 | N108: =IF(L108="","",IF(K108="USD",ROUND(L108*설정!$C$4,0),L108)) -> 1869000 | O108: =IF(N108="","",IF(AND(J108="과세",M108="VAT포함"),ROUND(N108/(1+설정!$C$5),0),N108)) -> 1869000 | P108: =IF(N108="","",IF(J108="과세",IF(M108="VAT포함",N108-O108,ROUND(O108*설정!$C$5,0)),0)) -> 0 | Q108: =IF(N108="","",O108+P108) -> 1869000 | S108: =IF(OR(N108="",R108<>"Y"),"",ROUND(O108*설정!$C$5,0)) | T108: 부식공급업체
A109: =IF(C109="","",COUNTA($C$5:C109)) -> 105 | C109: 제이앤캐이 | D109: NORTH VALLEY | F109: =IF(E109="","",IFERROR(INDEX(코드관리!$C$7:$C$66,MATCH(E109,코드관리!$B$7:$B$66,0)),"미등록 코드")) | I109: 주부식 | J109: 비과세 | K109: KRW | L109: 36479048 | N109: =IF(L109="","",IF(K109="USD",ROUND(L109*설정!$C$4,0),L109)) -> 36479048 | O109: =IF(N109="","",IF(AND(J109="과세",M109="VAT포함"),ROUND(N109/(1+설정!$C$5),0),N109)) -> 36479048 | P109: =IF(N109="","",IF(J109="과세",IF(M109="VAT포함",N109-O109,ROUND(O109*설정!$C$5,0)),0)) -> 0 | Q109: =IF(N109="","",O109+P109) -> 36479048 | S109: =IF(OR(N109="",R109<>"Y"),"",ROUND(O109*설정!$C$5,0)) | T109: 부식공급업체. 약 USD 27,000
A110: =IF(C110="","",COUNTA($C$5:C110)) -> 106 | C110: 제이앤캐이 | D110: NORTH VALLEY | F110: =IF(E110="","",IFERROR(INDEX(코드관리!$C$7:$C$66,MATCH(E110,코드관리!$B$7:$B$66,0)),"미등록 코드")) | I110: 접대품 | J110: 비과세 | K110: KRW | L110: 14223063 | N110: =IF(L110="","",IF(K110="USD",ROUND(L110*설정!$C$4,0),L110)) -> 14223063 | O110: =IF(N110="","",IF(AND(J110="과세",M110="VAT포함"),ROUND(N110/(1+설정!$C$5),0),N110)) -> 14223063 | P110: =IF(N110="","",IF(J110="과세",IF(M110="VAT포함",N110-O110,ROUND(O110*설정!$C$5,0)),0)) -> 0 | Q110: =IF(N110="","",O110+P110) -> 14223063 | S110: =IF(OR(N110="",R110<>"Y"),"",ROUND(O110*설정!$C$5,0)) | T110: 부식공급업체
A111: =IF(C111="","",COUNTA($C$5:C111)) -> 107 | C111: 제이앤캐이 | D111: NORTH VALLEY | F111: =IF(E111="","",IFERROR(INDEX(코드관리!$C$7:$C$66,MATCH(E111,코드관리!$B$7:$B$66,0)),"미등록 코드")) | I111: 개인품 | J111: 비과세 | K111: KRW | L111: 1345105 | N111: =IF(L111="","",IF(K111="USD",ROUND(L111*설정!$C$4,0),L111)) -> 1345105 | O111: =IF(N111="","",IF(AND(J111="과세",M111="VAT포함"),ROUND(N111/(1+설정!$C$5),0),N111)) -> 1345105 | P111: =IF(N111="","",IF(J111="과세",IF(M111="VAT포함",N111-O111,ROUND(O111*설정!$C$5,0)),0)) -> 0 | Q111: =IF(N111="","",O111+P111) -> 1345105 | S111: =IF(OR(N111="",R111<>"Y"),"",ROUND(O111*설정!$C$5,0)) | T111: 부식공급업체
A112: =IF(C112="","",COUNTA($C$5:C112)) -> 108 | C112: 제이앤캐이 | D112: NORTH VALLEY | F112: =IF(E112="","",IFERROR(INDEX(코드관리!$C$7:$C$66,MATCH(E112,코드관리!$B$7:$B$66,0)),"미등록 코드")) | I112: 작업선 | J112: 비과세 | K112: KRW | L112: 1869000 | N112: =IF(L112="","",IF(K112="USD",ROUND(L112*설정!$C$4,0),L112)) -> 1869000 | O112: =IF(N112="","",IF(AND(J112="과세",M112="VAT포함"),ROUND(N112/(1+설정!$C$5),0),N112)) -> 1869000 | P112: =IF(N112="","",IF(J112="과세",IF(M112="VAT포함",N112-O112,ROUND(O112*설정!$C$5,0)),0)) -> 0 | Q112: =IF(N112="","",O112+P112) -> 1869000 | S112: =IF(OR(N112="",R112<>"Y"),"",ROUND(O112*설정!$C$5,0)) | T112: 부식공급업체
A113: =IF(C113="","",COUNTA($C$5:C113)) -> 109 | C113: 한국해양개발 | D113: NORTH MOON | F113: =IF(E113="","",IFERROR(INDEX(코드관리!$C$7:$C$66,MATCH(E113,코드관리!$B$7:$B$66,0)),"미등록 코드")) | I113: 서적 (비과세) | J113: 비과세 | K113: KRW | L113: 366000 | N113: =IF(L113="","",IF(K113="USD",ROUND(L113*설정!$C$4,0),L113)) -> 366000 | O113: =IF(N113="","",IF(AND(J113="과세",M113="VAT포함"),ROUND(N113/(1+설정!$C$5),0),N113)) -> 366000 | P113: =IF(N113="","",IF(J113="과세",IF(M113="VAT포함",N113-O113,ROUND(O113*설정!$C$5,0)),0)) -> 0 | Q113: =IF(N113="","",O113+P113) -> 366000 | S113: =IF(OR(N113="",R113<>"Y"),"",ROUND(O113*설정!$C$5,0))
A114: =IF(C114="","",COUNTA($C$5:C114)) -> 110 | C114: 한국해양개발 | D114: NORTH MOON | F114: =IF(E114="","",IFERROR(INDEX(코드관리!$C$7:$C$66,MATCH(E114,코드관리!$B$7:$B$66,0)),"미등록 코드")) | I114: 서적 (과세) | J114: 과세 | K114: KRW | L114: 101200 | M114: VAT포함 | N114: =IF(L114="","",IF(K114="USD",ROUND(L114*설정!$C$4,0),L114)) -> 101200 | O114: =IF(N114="","",IF(AND(J114="과세",M114="VAT포함"),ROUND(N114/(1+설정!$C$5),0),N114)) -> 92000 | P114: =IF(N114="","",IF(J114="과세",IF(M114="VAT포함",N114-O114,ROUND(O114*설정!$C$5,0)),0)) -> 9200 | Q114: =IF(N114="","",O114+P114) -> 101200 | S114: =IF(OR(N114="",R114<>"Y"),"",ROUND(O114*설정!$C$5,0)) | T114: 과세분 101,200 = 부가세 포함 금액 (공급가 92,000)
A115: =IF(C115="","",COUNTA($C$5:C115)) -> 111 | C115: 한국해양개발 | D115: NORTH MOON | F115: =IF(E115="","",IFERROR(INDEX(코드관리!$C$7:$C$66,MATCH(E115,코드관리!$B$7:$B$66,0)),"미등록 코드")) | I115: 서적 (비과세) | J115: 비과세 | K115: KRW | L115: 1342000 | N115: =IF(L115="","",IF(K115="USD",ROUND(L115*설정!$C$4,0),L115)) -> 1342000 | O115: =IF(N115="","",IF(AND(J115="과세",M115="VAT포함"),ROUND(N115/(1+설정!$C$5),0),N115)) -> 1342000 | P115: =IF(N115="","",IF(J115="과세",IF(M115="VAT포함",N115-O115,ROUND(O115*설정!$C$5,0)),0)) -> 0 | Q115: =IF(N115="","",O115+P115) -> 1342000 | S115: =IF(OR(N115="",R115<>"Y"),"",ROUND(O115*설정!$C$5,0))
A116: =IF(C116="","",COUNTA($C$5:C116)) -> 112 | C116: 한국해양개발 | D116: NORTH OCEAN | F116: =IF(E116="","",IFERROR(INDEX(코드관리!$C$7:$C$66,MATCH(E116,코드관리!$B$7:$B$66,0)),"미등록 코드")) | I116: 서적 (비과세) | J116: 비과세 | K116: KRW | L116: 366000 | N116: =IF(L116="","",IF(K116="USD",ROUND(L116*설정!$C$4,0),L116)) -> 366000 | O116: =IF(N116="","",IF(AND(J116="과세",M116="VAT포함"),ROUND(N116/(1+설정!$C$5),0),N116)) -> 366000 | P116: =IF(N116="","",IF(J116="과세",IF(M116="VAT포함",N116-O116,ROUND(O116*설정!$C$5,0)),0)) -> 0 | Q116: =IF(N116="","",O116+P116) -> 366000 | S116: =IF(OR(N116="",R116<>"Y"),"",ROUND(O116*설정!$C$5,0))
A117: =IF(C117="","",COUNTA($C$5:C117)) -> 113 | C117: 한국해양개발 | D117: NORTH OCEAN | F117: =IF(E117="","",IFERROR(INDEX(코드관리!$C$7:$C$66,MATCH(E117,코드관리!$B$7:$B$66,0)),"미등록 코드")) | I117: 서적 (과세) | J117: 과세 | K117: KRW | L117: 101200 | M117: VAT포함 | N117: =IF(L117="","",IF(K117="USD",ROUND(L117*설정!$C$4,0),L117)) -> 101200 | O117: =IF(N117="","",IF(AND(J117="과세",M117="VAT포함"),ROUND(N117/(1+설정!$C$5),0),N117)) -> 92000 | P117: =IF(N117="","",IF(J117="과세",IF(M117="VAT포함",N117-O117,ROUND(O117*설정!$C$5,0)),0)) -> 9200 | Q117: =IF(N117="","",O117+P117) -> 101200 | S117: =IF(OR(N117="",R117<>"Y"),"",ROUND(O117*설정!$C$5,0)) | T117: 과세분 101,200 = 부가세 포함 금액 (공급가 92,000)
A118: =IF(C118="","",COUNTA($C$5:C118)) -> 114 | C118: 한국해양개발 | D118: NORTH OCEAN | F118: =IF(E118="","",IFERROR(INDEX(코드관리!$C$7:$C$66,MATCH(E118,코드관리!$B$7:$B$66,0)),"미등록 코드")) | I118: 서적 (비과세) | J118: 비과세 | K118: KRW | L118: 1342000 | N118: =IF(L118="","",IF(K118="USD",ROUND(L118*설정!$C$4,0),L118)) -> 1342000 | O118: =IF(N118="","",IF(AND(J118="과세",M118="VAT포함"),ROUND(N118/(1+설정!$C$5),0),N118)) -> 1342000 | P118: =IF(N118="","",IF(J118="과세",IF(M118="VAT포함",N118-O118,ROUND(O118*설정!$C$5,0)),0)) -> 0 | Q118: =IF(N118="","",O118+P118) -> 1342000 | S118: =IF(OR(N118="",R118<>"Y"),"",ROUND(O118*설정!$C$5,0))
A119: =IF(C119="","",COUNTA($C$5:C119)) -> 115 | C119: 한국해양개발 | D119: NORTH VALLEY | F119: =IF(E119="","",IFERROR(INDEX(코드관리!$C$7:$C$66,MATCH(E119,코드관리!$B$7:$B$66,0)),"미등록 코드")) | I119: 서적 (비과세) | J119: 비과세 | K119: KRW | L119: 366000 | N119: =IF(L119="","",IF(K119="USD",ROUND(L119*설정!$C$4,0),L119)) -> 366000 | O119: =IF(N119="","",IF(AND(J119="과세",M119="VAT포함"),ROUND(N119/(1+설정!$C$5),0),N119)) -> 366000 | P119: =IF(N119="","",IF(J119="과세",IF(M119="VAT포함",N119-O119,ROUND(O119*설정!$C$5,0)),0)) -> 0 | Q119: =IF(N119="","",O119+P119) -> 366000 | S119: =IF(OR(N119="",R119<>"Y"),"",ROUND(O119*설정!$C$5,0))
A120: =IF(C120="","",COUNTA($C$5:C120)) -> 116 | C120: 한국해양개발 | D120: NORTH VALLEY | F120: =IF(E120="","",IFERROR(INDEX(코드관리!$C$7:$C$66,MATCH(E120,코드관리!$B$7:$B$66,0)),"미등록 코드")) | I120: 서적 (과세) | J120: 과세 | K120: KRW | L120: 101200 | M120: VAT포함 | N120: =IF(L120="","",IF(K120="USD",ROUND(L120*설정!$C$4,0),L120)) -> 101200 | O120: =IF(N120="","",IF(AND(J120="과세",M120="VAT포함"),ROUND(N120/(1+설정!$C$5),0),N120)) -> 92000 | P120: =IF(N120="","",IF(J120="과세",IF(M120="VAT포함",N120-O120,ROUND(O120*설정!$C$5,0)),0)) -> 9200 | Q120: =IF(N120="","",O120+P120) -> 101200 | S120: =IF(OR(N120="",R120<>"Y"),"",ROUND(O120*설정!$C$5,0)) | T120: 과세분 101,200 = 부가세 포함 금액 (공급가 92,000)
A121: =IF(C121="","",COUNTA($C$5:C121)) -> 117 | C121: 한국해양개발 | D121: NORTH VALLEY | F121: =IF(E121="","",IFERROR(INDEX(코드관리!$C$7:$C$66,MATCH(E121,코드관리!$B$7:$B$66,0)),"미등록 코드")) | I121: 서적 (비과세) | J121: 비과세 | K121: KRW | L121: 1342000 | N121: =IF(L121="","",IF(K121="USD",ROUND(L121*설정!$C$4,0),L121)) -> 1342000 | O121: =IF(N121="","",IF(AND(J121="과세",M121="VAT포함"),ROUND(N121/(1+설정!$C$5),0),N121)) -> 1342000 | P121: =IF(N121="","",IF(J121="과세",IF(M121="VAT포함",N121-O121,ROUND(O121*설정!$C$5,0)),0)) -> 0 | Q121: =IF(N121="","",O121+P121) -> 1342000 | S121: =IF(OR(N121="",R121<>"Y"),"",ROUND(O121*설정!$C$5,0))
A122: =IF(C122="","",COUNTA($C$5:C122)) -> 118 | C122: 한국해양개발 | D122: NORTH LIGHT | F122: =IF(E122="","",IFERROR(INDEX(코드관리!$C$7:$C$66,MATCH(E122,코드관리!$B$7:$B$66,0)),"미등록 코드")) | I122: 서적 (비과세) | J122: 비과세 | K122: KRW | L122: 392400 | N122: =IF(L122="","",IF(K122="USD",ROUND(L122*설정!$C$4,0),L122)) -> 392400 | O122: =IF(N122="","",IF(AND(J122="과세",M122="VAT포함"),ROUND(N122/(1+설정!$C$5),0),N122)) -> 392400 | P122: =IF(N122="","",IF(J122="과세",IF(M122="VAT포함",N122-O122,ROUND(O122*설정!$C$5,0)),0)) -> 0 | Q122: =IF(N122="","",O122+P122) -> 392400 | S122: =IF(OR(N122="",R122<>"Y"),"",ROUND(O122*설정!$C$5,0)) | T122: 택배비 26,400원 포함
A123: =IF(C123="","",COUNTA($C$5:C123)) -> 119 | C123: 한국해양개발 | D123: NORTH LIGHT | F123: =IF(E123="","",IFERROR(INDEX(코드관리!$C$7:$C$66,MATCH(E123,코드관리!$B$7:$B$66,0)),"미등록 코드")) | I123: 서적 (과세) | J123: 과세 | K123: KRW | L123: 101200 | M123: VAT포함 | N123: =IF(L123="","",IF(K123="USD",ROUND(L123*설정!$C$4,0),L123)) -> 101200 | O123: =IF(N123="","",IF(AND(J123="과세",M123="VAT포함"),ROUND(N123/(1+설정!$C$5),0),N123)) -> 92000 | P123: =IF(N123="","",IF(J123="과세",IF(M123="VAT포함",N123-O123,ROUND(O123*설정!$C$5,0)),0)) -> 9200 | Q123: =IF(N123="","",O123+P123) -> 101200 | S123: =IF(OR(N123="",R123<>"Y"),"",ROUND(O123*설정!$C$5,0)) | T123: 과세분 101,200 = 부가세 포함 금액 (공급가 92,000)
A124: =IF(C124="","",COUNTA($C$5:C124)) -> 120 | C124: 한국해양개발 | D124: NORTH LIGHT | F124: =IF(E124="","",IFERROR(INDEX(코드관리!$C$7:$C$66,MATCH(E124,코드관리!$B$7:$B$66,0)),"미등록 코드")) | I124: 서적 (비과세) | J124: 비과세 | K124: KRW | L124: 536600 | N124: =IF(L124="","",IF(K124="USD",ROUND(L124*설정!$C$4,0),L124)) -> 536600 | O124: =IF(N124="","",IF(AND(J124="과세",M124="VAT포함"),ROUND(N124/(1+설정!$C$5),0),N124)) -> 536600 | P124: =IF(N124="","",IF(J124="과세",IF(M124="VAT포함",N124-O124,ROUND(O124*설정!$C$5,0)),0)) -> 0 | Q124: =IF(N124="","",O124+P124) -> 536600 | S124: =IF(OR(N124="",R124<>"Y"),"",ROUND(O124*설정!$C$5,0)) | T124: 택배비 6,600원 포함
A125: =IF(C125="","",COUNTA($C$5:C125)) -> 121 | C125: 해인쉽스서비스 | D125: NORTH LIGHT | F125: =IF(E125="","",IFERROR(INDEX(코드관리!$C$7:$C$66,MATCH(E125,코드관리!$B$7:$B$66,0)),"미등록 코드")) | I125: (품목 확인 필요) 1 | J125: 비과세 | K125: KRW | L125: 7006800 | N125: =IF(L125="","",IF(K125="USD",ROUND(L125*설정!$C$4,0),L125)) -> 7006800 | O125: =IF(N125="","",IF(AND(J125="과세",M125="VAT포함"),ROUND(N125/(1+설정!$C$5),0),N125)) -> 7006800 | P125: =IF(N125="","",IF(J125="과세",IF(M125="VAT포함",N125-O125,ROUND(O125*설정!$C$5,0)),0)) -> 0 | Q125: =IF(N125="","",O125+P125) -> 7006800 | S125: =IF(OR(N125="",R125<>"Y"),"",ROUND(O125*설정!$C$5,0))
A126: =IF(C126="","",COUNTA($C$5:C126)) -> 122 | C126: 해인쉽스서비스 | D126: NORTH LIGHT | F126: =IF(E126="","",IFERROR(INDEX(코드관리!$C$7:$C$66,MATCH(E126,코드관리!$B$7:$B$66,0)),"미등록 코드")) | I126: (품목 확인 필요) 2 | J126: 비과세 | K126: KRW | L126: 3200000 | N126: =IF(L126="","",IF(K126="USD",ROUND(L126*설정!$C$4,0),L126)) -> 3200000 | O126: =IF(N126="","",IF(AND(J126="과세",M126="VAT포함"),ROUND(N126/(1+설정!$C$5),0),N126)) -> 3200000 | P126: =IF(N126="","",IF(J126="과세",IF(M126="VAT포함",N126-O126,ROUND(O126*설정!$C$5,0)),0)) -> 0 | Q126: =IF(N126="","",O126+P126) -> 3200000 | S126: =IF(OR(N126="",R126<>"Y"),"",ROUND(O126*설정!$C$5,0))
A127: =IF(C127="","",COUNTA($C$5:C127)) -> 123 | C127: 해인쉽스서비스 | D127: NORTH MOON | F127: =IF(E127="","",IFERROR(INDEX(코드관리!$C$7:$C$66,MATCH(E127,코드관리!$B$7:$B$66,0)),"미등록 코드")) | I127: (품목 확인 필요) | J127: 비과세 | K127: KRW | L127: 3120000 | N127: =IF(L127="","",IF(K127="USD",ROUND(L127*설정!$C$4,0),L127)) -> 3120000 | O127: =IF(N127="","",IF(AND(J127="과세",M127="VAT포함"),ROUND(N127/(1+설정!$C$5),0),N127)) -> 3120000 | P127: =IF(N127="","",IF(J127="과세",IF(M127="VAT포함",N127-O127,ROUND(O127*설정!$C$5,0)),0)) -> 0 | Q127: =IF(N127="","",O127+P127) -> 3120000 | S127: =IF(OR(N127="",R127<>"Y"),"",ROUND(O127*설정!$C$5,0))
A128: =IF(C128="","",COUNTA($C$5:C128)) -> 124 | C128: 해인쉽스서비스 | D128: NORTH OCEAN | F128: =IF(E128="","",IFERROR(INDEX(코드관리!$C$7:$C$66,MATCH(E128,코드관리!$B$7:$B$66,0)),"미등록 코드")) | I128: (품목 확인 필요) | J128: 비과세 | K128: KRW | L128: 18017500 | N128: =IF(L128="","",IF(K128="USD",ROUND(L128*설정!$C$4,0),L128)) -> 18017500 | O128: =IF(N128="","",IF(AND(J128="과세",M128="VAT포함"),ROUND(N128/(1+설정!$C$5),0),N128)) -> 18017500 | P128: =IF(N128="","",IF(J128="과세",IF(M128="VAT포함",N128-O128,ROUND(O128*설정!$C$5,0)),0)) -> 0 | Q128: =IF(N128="","",O128+P128) -> 18017500 | S128: =IF(OR(N128="",R128<>"Y"),"",ROUND(O128*설정!$C$5,0))
A129: =IF(C129="","",COUNTA($C$5:C129)) -> 125 | C129: 해인쉽스서비스 | D129: NORTH VALLEY | F129: =IF(E129="","",IFERROR(INDEX(코드관리!$C$7:$C$66,MATCH(E129,코드관리!$B$7:$B$66,0)),"미등록 코드")) | I129: (품목 확인 필요) | J129: 비과세 | K129: KRW | L129: 9932500 | N129: =IF(L129="","",IF(K129="USD",ROUND(L129*설정!$C$4,0),L129)) -> 9932500 | O129: =IF(N129="","",IF(AND(J129="과세",M129="VAT포함"),ROUND(N129/(1+설정!$C$5),0),N129)) -> 9932500 | P129: =IF(N129="","",IF(J129="과세",IF(M129="VAT포함",N129-O129,ROUND(O129*설정!$C$5,0)),0)) -> 0 | Q129: =IF(N129="","",O129+P129) -> 9932500 | S129: =IF(OR(N129="",R129<>"Y"),"",ROUND(O129*설정!$C$5,0))
A130: =IF(C130="","",COUNTA($C$5:C130)) -> 126 | C130: 화인컴에스이 | D130: 공통(미배분) | F130: =IF(E130="","",IFERROR(INDEX(코드관리!$C$7:$C$66,MATCH(E130,코드관리!$B$7:$B$66,0)),"미등록 코드")) | I130: (품목 확인 필요) | J130: 비과세 | K130: KRW | L130: 12600000 | N130: =IF(L130="","",IF(K130="USD",ROUND(L130*설정!$C$4,0),L130)) -> 12600000 | O130: =IF(N130="","",IF(AND(J130="과세",M130="VAT포함"),ROUND(N130/(1+설정!$C$5),0),N130)) -> 12600000 | P130: =IF(N130="","",IF(J130="과세",IF(M130="VAT포함",N130-O130,ROUND(O130*설정!$C$5,0)),0)) -> 0 | Q130: =IF(N130="","",O130+P130) -> 12600000 | R130: Y | S130: =IF(OR(N130="",R130<>"Y"),"",ROUND(O130*설정!$C$5,0)) -> 1260000 | T130: 적재허가서 문제로 현재 부가세별도. 부가세 10% 추가 가능성
A131: =IF(C131="","",COUNTA($C$5:C131)) | F131: =IF(E131="","",IFERROR(INDEX(코드관리!$C$7:$C$66,MATCH(E131,코드관리!$B$7:$B$66,0)),"미등록 코드")) | N131: =IF(L131="","",IF(K131="USD",ROUND(L131*설정!$C$4,0),L131)) | O131: =IF(N131="","",IF(AND(J131="과세",M131="VAT포함"),ROUND(N131/(1+설정!$C$5),0),N131)) | P131: =IF(N131="","",IF(J131="과세",IF(M131="VAT포함",N131-O131,ROUND(O131*설정!$C$5,0)),0)) | Q131: =IF(N131="","",O131+P131) | S131: =IF(OR(N131="",R131<>"Y"),"",ROUND(O131*설정!$C$5,0))
A132: =IF(C132="","",COUNTA($C$5:C132)) | F132: =IF(E132="","",IFERROR(INDEX(코드관리!$C$7:$C$66,MATCH(E132,코드관리!$B$7:$B$66,0)),"미등록 코드")) | N132: =IF(L132="","",IF(K132="USD",ROUND(L132*설정!$C$4,0),L132)) | O132: =IF(N132="","",IF(AND(J132="과세",M132="VAT포함"),ROUND(N132/(1+설정!$C$5),0),N132)) | P132: =IF(N132="","",IF(J132="과세",IF(M132="VAT포함",N132-O132,ROUND(O132*설정!$C$5,0)),0)) | Q132: =IF(N132="","",O132+P132) | S132: =IF(OR(N132="",R132<>"Y"),"",ROUND(O132*설정!$C$5,0))
A133: =IF(C133="","",COUNTA($C$5:C133)) | F133: =IF(E133="","",IFERROR(INDEX(코드관리!$C$7:$C$66,MATCH(E133,코드관리!$B$7:$B$66,0)),"미등록 코드")) | N133: =IF(L133="","",IF(K133="USD",ROUND(L133*설정!$C$4,0),L133)) | O133: =IF(N133="","",IF(AND(J133="과세",M133="VAT포함"),ROUND(N133/(1+설정!$C$5),0),N133)) | P133: =IF(N133="","",IF(J133="과세",IF(M133="VAT포함",N133-O133,ROUND(O133*설정!$C$5,0)),0)) | Q133: =IF(N133="","",O133+P133) | S133: =IF(OR(N133="",R133<>"Y"),"",ROUND(O133*설정!$C$5,0))
A134: =IF(C134="","",COUNTA($C$5:C134)) | F134: =IF(E134="","",IFERROR(INDEX(코드관리!$C$7:$C$66,MATCH(E134,코드관리!$B$7:$B$66,0)),"미등록 코드")) | N134: =IF(L134="","",IF(K134="USD",ROUND(L134*설정!$C$4,0),L134)) | O134: =IF(N134="","",IF(AND(J134="과세",M134="VAT포함"),ROUND(N134/(1+설정!$C$5),0),N134)) | P134: =IF(N134="","",IF(J134="과세",IF(M134="VAT포함",N134-O134,ROUND(O134*설정!$C$5,0)),0)) | Q134: =IF(N134="","",O134+P134) | S134: =IF(OR(N134="",R134<>"Y"),"",ROUND(O134*설정!$C$5,0))
A135: =IF(C135="","",COUNTA($C$5:C135)) | F135: =IF(E135="","",IFERROR(INDEX(코드관리!$C$7:$C$66,MATCH(E135,코드관리!$B$7:$B$66,0)),"미등록 코드")) | N135: =IF(L135="","",IF(K135="USD",ROUND(L135*설정!$C$4,0),L135)) | O135: =IF(N135="","",IF(AND(J135="과세",M135="VAT포함"),ROUND(N135/(1+설정!$C$5),0),N135)) | P135: =IF(N135="","",IF(J135="과세",IF(M135="VAT포함",N135-O135,ROUND(O135*설정!$C$5,0)),0)) | Q135: =IF(N135="","",O135+P135) | S135: =IF(OR(N135="",R135<>"Y"),"",ROUND(O135*설정!$C$5,0))
A136: =IF(C136="","",COUNTA($C$5:C136)) | F136: =IF(E136="","",IFERROR(INDEX(코드관리!$C$7:$C$66,MATCH(E136,코드관리!$B$7:$B$66,0)),"미등록 코드")) | N136: =IF(L136="","",IF(K136="USD",ROUND(L136*설정!$C$4,0),L136)) | O136: =IF(N136="","",IF(AND(J136="과세",M136="VAT포함"),ROUND(N136/(1+설정!$C$5),0),N136)) | P136: =IF(N136="","",IF(J136="과세",IF(M136="VAT포함",N136-O136,ROUND(O136*설정!$C$5,0)),0)) | Q136: =IF(N136="","",O136+P136) | S136: =IF(OR(N136="",R136<>"Y"),"",ROUND(O136*설정!$C$5,0))
A137: =IF(C137="","",COUNTA($C$5:C137)) | F137: =IF(E137="","",IFERROR(INDEX(코드관리!$C$7:$C$66,MATCH(E137,코드관리!$B$7:$B$66,0)),"미등록 코드")) | N137: =IF(L137="","",IF(K137="USD",ROUND(L137*설정!$C$4,0),L137)) | O137: =IF(N137="","",IF(AND(J137="과세",M137="VAT포함"),ROUND(N137/(1+설정!$C$5),0),N137)) | P137: =IF(N137="","",IF(J137="과세",IF(M137="VAT포함",N137-O137,ROUND(O137*설정!$C$5,0)),0)) | Q137: =IF(N137="","",O137+P137) | S137: =IF(OR(N137="",R137<>"Y"),"",ROUND(O137*설정!$C$5,0))
A138: =IF(C138="","",COUNTA($C$5:C138)) | F138: =IF(E138="","",IFERROR(INDEX(코드관리!$C$7:$C$66,MATCH(E138,코드관리!$B$7:$B$66,0)),"미등록 코드")) | N138: =IF(L138="","",IF(K138="USD",ROUND(L138*설정!$C$4,0),L138)) | O138: =IF(N138="","",IF(AND(J138="과세",M138="VAT포함"),ROUND(N138/(1+설정!$C$5),0),N138)) | P138: =IF(N138="","",IF(J138="과세",IF(M138="VAT포함",N138-O138,ROUND(O138*설정!$C$5,0)),0)) | Q138: =IF(N138="","",O138+P138) | S138: =IF(OR(N138="",R138<>"Y"),"",ROUND(O138*설정!$C$5,0))
A139: =IF(C139="","",COUNTA($C$5:C139)) | F139: =IF(E139="","",IFERROR(INDEX(코드관리!$C$7:$C$66,MATCH(E139,코드관리!$B$7:$B$66,0)),"미등록 코드")) | N139: =IF(L139="","",IF(K139="USD",ROUND(L139*설정!$C$4,0),L139)) | O139: =IF(N139="","",IF(AND(J139="과세",M139="VAT포함"),ROUND(N139/(1+설정!$C$5),0),N139)) | P139: =IF(N139="","",IF(J139="과세",IF(M139="VAT포함",N139-O139,ROUND(O139*설정!$C$5,0)),0)) | Q139: =IF(N139="","",O139+P139) | S139: =IF(OR(N139="",R139<>"Y"),"",ROUND(O139*설정!$C$5,0))
A140: =IF(C140="","",COUNTA($C$5:C140)) | F140: =IF(E140="","",IFERROR(INDEX(코드관리!$C$7:$C$66,MATCH(E140,코드관리!$B$7:$B$66,0)),"미등록 코드")) | N140: =IF(L140="","",IF(K140="USD",ROUND(L140*설정!$C$4,0),L140)) | O140: =IF(N140="","",IF(AND(J140="과세",M140="VAT포함"),ROUND(N140/(1+설정!$C$5),0),N140)) | P140: =IF(N140="","",IF(J140="과세",IF(M140="VAT포함",N140-O140,ROUND(O140*설정!$C$5,0)),0)) | Q140: =IF(N140="","",O140+P140) | S140: =IF(OR(N140="",R140<>"Y"),"",ROUND(O140*설정!$C$5,0))
A141: =IF(C141="","",COUNTA($C$5:C141)) | F141: =IF(E141="","",IFERROR(INDEX(코드관리!$C$7:$C$66,MATCH(E141,코드관리!$B$7:$B$66,0)),"미등록 코드")) | N141: =IF(L141="","",IF(K141="USD",ROUND(L141*설정!$C$4,0),L141)) | O141: =IF(N141="","",IF(AND(J141="과세",M141="VAT포함"),ROUND(N141/(1+설정!$C$5),0),N141)) | P141: =IF(N141="","",IF(J141="과세",IF(M141="VAT포함",N141-O141,ROUND(O141*설정!$C$5,0)),0)) | Q141: =IF(N141="","",O141+P141) | S141: =IF(OR(N141="",R141<>"Y"),"",ROUND(O141*설정!$C$5,0))
A142: =IF(C142="","",COUNTA($C$5:C142)) | F142: =IF(E142="","",IFERROR(INDEX(코드관리!$C$7:$C$66,MATCH(E142,코드관리!$B$7:$B$66,0)),"미등록 코드")) | N142: =IF(L142="","",IF(K142="USD",ROUND(L142*설정!$C$4,0),L142)) | O142: =IF(N142="","",IF(AND(J142="과세",M142="VAT포함"),ROUND(N142/(1+설정!$C$5),0),N142)) | P142: =IF(N142="","",IF(J142="과세",IF(M142="VAT포함",N142-O142,ROUND(O142*설정!$C$5,0)),0)) | Q142: =IF(N142="","",O142+P142) | S142: =IF(OR(N142="",R142<>"Y"),"",ROUND(O142*설정!$C$5,0))
... A280: =IF(C280="","",COUNTA($C$5:C280)) | F280: =IF(E280="","",IFERROR(INDEX(코드관리!$C$7:$C$66,MATCH(E280,코드관리!$B$7:$B$66,0)),"미등록 코드")) | N280: =IF(L280="","",IF(K280="USD",ROUND(L280*설정!$C$4,0),L280)) | O280: =IF(N280="","",IF(AND(J280="과세",M280="VAT포함"),ROUND(N280/(1+설정!$C$5),0),N280)) | P280: =IF(N280="","",IF(J280="과세",IF(M280="VAT포함",N280-O280,ROUND(O280*설정!$C$5,0)),0)) | Q280: =IF(N280="","",O280+P280) | S280: =IF(OR(N280="",R280<>"Y"),"",ROUND(O280*설정!$C$5,0))
C281: 합계 | N281: =SUM(N5:N280) -> 821714639 | O281: =SUM(O5:O280) -> 821559439 | P281: =SUM(P5:P280) -> 155200 | Q281: =SUM(Q5:Q280) -> 821714639 | S281: =SUM(S5:S280) -> 3990000

Sheet 코드관리
B2: 코드 관리
B3: 파란 글씨 칸에 입력. 여기 등록한 OPEX 코드는 'OPEX 상세' 시트 D열 드롭다운과 계정명 자동표시에 사용됩니다.
B5: ① OPEX 코드표 | G5: ② 업체별 구매코드 (한 업체에 여러 코드 등록 가능)
B6: OPEX 코드 | C6: 계정명 | D6: 설명 | G6: 업체명 | H6: 업체 구매코드 | I6: 품목명 | J6: 연결 OPEX 코드 | K6: 비고
G7: (예시) 디앤오 | H7: DNO-NAS-01 | I7: NAS Storage | K7: 예시 행 - 삭제 후 사용

Sheet 설정
B2: 설정값
B4: 환율 (KRW / USD) | C4: 1350 | D4: USD 금액 원화환산에 사용. 결제/청구 시점 환율로 수정하세요. (현재값은 임시: 제이앤캐이 주부식 원화/달러 비율 평균 약 1,340~1,365 참고)
B5: 부가세율 | C5: 0.1 | D5: 과세 항목 부가세 계산에 사용
B8: 목록 (드롭다운 원본)
B9: 선박 | C9: 과세구분 | D9: 금액기준 | E9: 통화 | F9: 업체
B10: NORTH LIGHT | C10: 과세 | D10: VAT별도 | E10: KRW | F10: 고려문화사
B11: NORTH MOON | C11: 비과세 | D11: VAT포함 | E11: USD | F11: 네오맥스
B12: NORTH OCEAN | F12: 디앤오
B13: NORTH VALLEY | F13: 비아이자이로
B14: OFFICE | F14: 시웨이글로벌
B15: 공통(미배분) | F15: 옥슨앤파트너스
F16: 제이앤캐이
F17: 한국해양개발
F18: 한일후지코리아
F19: 해인쉽스서비스
F20: 화인컴에스이
B26: ※ 업체 추가 시 업체 목록 아래 빈칸에 이어서 입력하면 드롭다운에 반영됩니다 (10개까지).
