Workbook

Sheet 요약
A1: PAINT 중복/Share 요약 — NORTH MOON × NORTH LIGHT
A2: 기준: NMO 견적 IOB-NMO-26-0923-PAINT (Sub Total KRW 27,402,775)
A4: NMO 견적 총액 (재계산) | B4: ='중복품목 Share'!G17+'NMO 단독'!F10
A5: └ 중복품목 금액 | B5: ='중복품목 Share'!G17
A6: └ NMO 단독품목 금액 | B6: ='NMO 단독'!F10
A7: 중복품목 50% 분담 시 NL 부담액 | B7: ='중복품목 Share'!R17
A8: 중복품목 50% 분담 시 NMO 부담액 | B8: ='중복품목 Share'!G17-'중복품목 Share'!R17+'NMO 단독'!F10
A10: 중복 품목 수 | B10: =COUNTA('중복품목 Share'!C5:C16)
A11: └ Share 충족 (추가청구 불필요) | B11: =COUNTIF('중복품목 Share'!O5:O16,"Share 충족*")
A12: └ NL 부족 (추가 필요) | B12: =COUNTIF('중복품목 Share'!O5:O16,"NL 부족*")
A13: └ 홀수 → 수량 조정 필요 | B13: =COUNTIF('중복품목 Share'!O5:O16,"*홀수*")
A14: NL 단독 청구 품목 수 | B14: =COUNTA('NL 단독청구'!C6:C12)
A15: NMO 단독 품목 수 | B15: =COUNTA('NMO 단독'!B5:B9)

Sheet 중복품목 Share
A1: NORTH MOON 견적 ↔ NORTH LIGHT 청구 중복품목 50% Share 검토
A2: NMO 견적: OXENP SALES CONFIRM IOB-NMO-26-0923-PAINT (2026-09-28) / NL 청구: North Light PAINT 청구서 '4. Paint' 시트. 노란칸(NMO 수량)만 수정하면 전부 재계산됩니다.
A4: # | B4: NMO No. | C4: NMO 품목 (견적) | D4: NMO L/can | E4: NMO 수량 (can) ✎ | F4: 단가 (KRW) | G4: NMO 금액 (KRW) | H4: NL No. | I4: NL 품목 (청구) | J4: NL L/can | K4: NL 청구 (can) | L4: NL 필요량 (L) | M4: 50% Share (can/선박) | N4: Share 시 NL 수령량(L) | O4: 판정 | P4: NL 부족분 (L) | Q4: 부족분 추가 (NMO규격 can) | R4: NL 부담액 50% (KRW) | S4: 비고
A5: 1 | B5: 1 | C5: SIGMADUR 550 WHITE | D5: 15 | E5: 18 | F5: 173650 | G5: =E5*F5 | H5: 8 | I5: SIGMADUR 550 WHITE, 17.6LTRS | J5: 17.6 | K5: 10 | L5: =J5*K5 | M5: =E5/2 | N5: =M5*D5 | O5: =IF(N5>=L5,"Share 충족","NL 부족")&IF(MOD(E5,2)<>0," (홀수)","") | P5: =MAX(0,L5-N5) | Q5: =ROUNDUP(P5/D5,0) | R5: =G5/2 | S5: 캔 규격 상이(15L vs 17.6L)
A6: 2 | B6: 3 | C6: SIGMADUR 550 IVORY (2.5Y 9/2) | D6: 15 | E6: 4 | F6: 335800 | G6: =E6*F6 | H6: 7 | I6: SIGMADUR 550 IVORY 2.5Y9/2, 17.6LTRS | J6: 17.6 | K6: 10 | L6: =J6*K6 | M6: =E6/2 | N6: =M6*D6 | O6: =IF(N6>=L6,"Share 충족","NL 부족")&IF(MOD(E6,2)<>0," (홀수)","") | P6: =MAX(0,L6-N6) | Q6: =ROUNDUP(P6/D6,0) | R6: =G6/2 | S6: 캔 규격 상이
A7: 3 | B7: 6 | C7: SIGMADUR 550 BLACK | D7: 15 | E7: 8 | F7: 151800 | G7: =E7*F7 | H7: 6 | I7: SIGMADUR 550 BLACK, 17.6LTRS | J7: 17.6 | K7: 3 | L7: =J7*K7 | M7: =E7/2 | N7: =M7*D7 | O7: =IF(N7>=L7,"Share 충족","NL 부족")&IF(MOD(E7,2)<>0," (홀수)","") | P7: =MAX(0,L7-N7) | Q7: =ROUNDUP(P7/D7,0) | R7: =G7/2 | S7: 캔 규격 상이
A8: 4 | B8: 9 | C8: SIGMAPRIME 200 (GREY) =>700 | D8: 15 | E8: 15 | F8: 102350 | G8: =E8*F8 | H8: 1 | I8: SIGMAPRIME 200 K BASE GREY, 20LTRS | J8: 20 | K8: 10 | L8: =J8*K8 | M8: =E8/2 | N8: =M8*D8 | O8: =IF(N8>=L8,"Share 충족","NL 부족")&IF(MOD(E8,2)<>0," (홀수)","") | P8: =MAX(0,L8-N8) | Q8: =ROUNDUP(P8/D8,0) | R8: =G8/2 | S8: NMO는 SIGMAPRIME 700으로 대체 공급 / 15L vs 20L
A9: 5 | B9: 10 | C9: SIGMAPRIME 200 (REDBROWN) =>700 | D9: 15 | E9: 15 | F9: 102350 | G9: =E9*F9 | H9: 3 | I9: SIGMAPRIME 200 K BASE RED BROWN, 20LTRS | J9: 20 | K9: 10 | L9: =J9*K9 | M9: =E9/2 | N9: =M9*D9 | O9: =IF(N9>=L9,"Share 충족","NL 부족")&IF(MOD(E9,2)<>0," (홀수)","") | P9: =MAX(0,L9-N9) | Q9: =ROUNDUP(P9/D9,0) | R9: =G9/2 | S9: NMO는 SIGMAPRIME 700으로 대체 공급 / 15L vs 20L
A10: 6 | B10: 11 | C10: SIGMACOVER 456 (GREY) | D10: 15 | E10: 15 | F10: 117300 | G10: =E10*F10 | H10: 4 | I10: SIGMACOVER 456 BASE GREY, 16.4LTRS | J10: 16.4 | K10: 15 | L10: =J10*K10 | M10: =E10/2 | N10: =M10*D10 | O10: =IF(N10>=L10,"Share 충족","NL 부족")&IF(MOD(E10,2)<>0," (홀수)","") | P10: =MAX(0,L10-N10) | Q10: =ROUNDUP(P10/D10,0) | R10: =G10/2 | S10: 캔 규격 상이
A11: 7 | B11: 13 | C11: SIGMARINE 48 (GREEN) =>648 | D11: 15 | E11: 5 | F11: 96025 | G11: =E11*F11 | H11: 14 | I11: SIGMARINE 48 (Blue Green 7.5BG7/2), 20LTRS | J11: 20 | K11: 3 | L11: =J11*K11 | M11: =E11/2 | N11: =M11*D11 | O11: =IF(N11>=L11,"Share 충족","NL 부족")&IF(MOD(E11,2)<>0," (홀수)","") | P11: =MAX(0,L11-N11) | Q11: =ROUNDUP(P11/D11,0) | R11: =G11/2 | S11: ⚠ 색상 상이(GREEN vs BLUE GREEN) + 648 대체 → 본선 확인 후 share 여부 결정
A12: 8 | B12: 14 | C12: SIGMATHERM 540 (BLACK) | D12: 15 | E12: 5 | F12: 701500 | G12: =E12*F12 | H12: 16 | I12: SIGMATHERM 540 BLACK, 5LTRS | J12: 5 | K12: 5 | L12: =J12*K12 | M12: =E12/2 | N12: =M12*D12 | O12: =IF(N12>=L12,"Share 충족","NL 부족")&IF(MOD(E12,2)<>0," (홀수)","") | P12: =MAX(0,L12-N12) | Q12: =ROUNDUP(P12/D12,0) | R12: =G12/2 | S12: NMO 15L can / NL 5L can
A13: 9 | B13: 15 | C13: SIGMATHERM 175 - ALUMINIUM | D13: 20 | E13: 4 | F13: 196650 | G13: =E13*F13 | H13: 15 | I13: SIGMATHERM 175 ALUMINIUM, 5LTRS | J13: 5 | K13: 3 | L13: =J13*K13 | M13: =E13/2 | N13: =M13*D13 | O13: =IF(N13>=L13,"Share 충족","NL 부족")&IF(MOD(E13,2)<>0," (홀수)","") | P13: =MAX(0,L13-N13) | Q13: =ROUNDUP(P13/D13,0) | R13: =G13/2 | S13: NMO 20L can / NL 5L can
A14: 10 | B14: 17 | C14: THINNER PPG 21-06 | D14: 18 | E14: 25 | F14: 69000 | G14: =E14*F14 | H14: 23 | I14: THINNER 21-06, 20LTRS | J14: 20 | K14: 10 | L14: =J14*K14 | M14: =E14/2 | N14: =M14*D14 | O14: =IF(N14>=L14,"Share 충족","NL 부족")&IF(MOD(E14,2)<>0," (홀수)","") | P14: =MAX(0,L14-N14) | Q14: =ROUNDUP(P14/D14,0) | R14: =G14/2 | S14: 18L vs 20L
A15: 11 | B15: 18 | C15: THINNER PPG 91-92 | D15: 18 | E15: 8 | F15: 70150 | G15: =E15*F15 | H15: 24 | I15: THINNER 91-92, 20LTRS | J15: 20 | K15: 10 | L15: =J15*K15 | M15: =E15/2 | N15: =M15*D15 | O15: =IF(N15>=L15,"Share 충족","NL 부족")&IF(MOD(E15,2)<>0," (홀수)","") | P15: =MAX(0,L15-N15) | Q15: =ROUNDUP(P15/D15,0) | R15: =G15/2 | S15: 18L vs 20L
A16: 12 | B16: 19 | C16: THINNER PPG 20-05 | D16: 18 | E16: 1 | F16: 71300 | G16: =E16*F16 | H16: 22 | I16: THINNER 20-05, 20LTRS | J16: 20 | K16: 10 | L16: =J16*K16 | M16: =E16/2 | N16: =M16*D16 | O16: =IF(N16>=L16,"Share 충족","NL 부족")&IF(MOD(E16,2)<>0," (홀수)","") | P16: =MAX(0,L16-N16) | Q16: =ROUNDUP(P16/D16,0) | R16: =G16/2 | S16: 18L vs 20L / NMO 1can뿐
C17: 합계 | G17: =SUM(G5:G16) | R17: =SUM(R5:R16)
A19: [판정 기준]
A20: • Share 충족 : NMO 수량의 50%(리터 환산)로 NL 청구량 전부 커버 → NMO 견적으로만 발주, 금액 50:50 분담
A21: • NL 부족 : 50% share 후에도 NL 필요량 모자람 → 부족분(Q열 can수)을 NMO 수량에 더하거나 NL에서 별도 청구
A22: • (홀수) : NMO 수량이 홀수라 정확히 반분 불가 → 짝수로 조정 (±1 can)
A23: • 캔 규격이 선박별로 달라(15L/17.6L/20L 등) 모든 비교는 리터(L) 기준. 단가는 NMO 견적 단가(KRW/can) 기준.
A24: • 노란칸 = 입력(NMO 수량). 파란글씨 = 견적서/청구서에서 옮긴 원본값.

Sheet NL 단독청구
A1: NORTH LIGHT 에서 별도 청구해야 할 품목
A2: A) NMO 견적에 없는 NL 단독 품목 + B) 중복품목이지만 50% share로 부족한 분량 (B는 '중복품목 Share' 시트와 연동)
A4: 구분 | B4: NL No. | C4: 품목 | D4: UOM | E4: L/can | F4: 청구수량 (can) | G4: 필요량 (L) | H4: 비고
A5: A) NL 단독 품목 — NMO 견적에 없음 → NL 전량 청구
A6: 단독 | B6: 2 | C6: SIGMAPRIME 200 K BASE YELLOW GREEN, 20LTRS | D6: Cans | E6: 20 | F6: 10 | G6: =E6*F6
A7: 단독 | B7: 5 | C7: SIGMADUR 550 GREY N6, 17.6LTRS | D7: Cans | E7: 17.6 | F7: 10 | G7: =E7*F7
A8: 단독 | B8: 9 | C8: SIGMADUR 550 BASE Z (BROWN 2.5YR5/6.5), 17.6LTRS | D8: Cans | E8: 17.6 | F8: 2 | G8: =E8*F8
A9: 단독 | B9: 10 | C9: SIGMADUR 550 BASE Z (LIGHT GREEN 2.5G5.5/7), 17.6LTRS | D9: Cans | E9: 17.6 | F9: 2 | G9: =E9*F9
A10: 단독 | B10: 11 | C10: SIGMADUR 550 (Cobalt Blue RAL5013), 17.6LTRS | D10: Cans | E10: 17.6 | F10: 2 | G10: =E10*F10
A11: 단독 | B11: 12 | C11: SIGMAGUARD CSF 585 (Blue), 15LTRS | D11: Cans | E11: 15 | F11: 2 | G11: =E11*F11
A12: 단독 | B12: 13 | C12: SIGMARINE 28 GREY, 20LTRS | D12: Cans | E12: 20 | F12: 2 | G12: =E12*F12
A13: B) 중복품목 50% share 후 부족분 → NMO 수량 증량 또는 NL 추가 청구
A14: =IF(LEFT('중복품목 Share'!O5,5)="Share","-","부족분") | B14: ='중복품목 Share'!H5 | C14: ='중복품목 Share'!I5 | D14: Cans | E14: ='중복품목 Share'!D5 | F14: ='중복품목 Share'!Q5 | G14: ='중복품목 Share'!P5 | H14: ='중복품목 Share'!O5&IF('중복품목 Share'!S5="",""," / "&'중복품목 Share'!S5)
A15: =IF(LEFT('중복품목 Share'!O6,5)="Share","-","부족분") | B15: ='중복품목 Share'!H6 | C15: ='중복품목 Share'!I6 | D15: Cans | E15: ='중복품목 Share'!D6 | F15: ='중복품목 Share'!Q6 | G15: ='중복품목 Share'!P6 | H15: ='중복품목 Share'!O6&IF('중복품목 Share'!S6="",""," / "&'중복품목 Share'!S6)
A16: =IF(LEFT('중복품목 Share'!O7,5)="Share","-","부족분") | B16: ='중복품목 Share'!H7 | C16: ='중복품목 Share'!I7 | D16: Cans | E16: ='중복품목 Share'!D7 | F16: ='중복품목 Share'!Q7 | G16: ='중복품목 Share'!P7 | H16: ='중복품목 Share'!O7&IF('중복품목 Share'!S7="",""," / "&'중복품목 Share'!S7)
A17: =IF(LEFT('중복품목 Share'!O8,5)="Share","-","부족분") | B17: ='중복품목 Share'!H8 | C17: ='중복품목 Share'!I8 | D17: Cans | E17: ='중복품목 Share'!D8 | F17: ='중복품목 Share'!Q8 | G17: ='중복품목 Share'!P8 | H17: ='중복품목 Share'!O8&IF('중복품목 Share'!S8="",""," / "&'중복품목 Share'!S8)
A18: =IF(LEFT('중복품목 Share'!O9,5)="Share","-","부족분") | B18: ='중복품목 Share'!H9 | C18: ='중복품목 Share'!I9 | D18: Cans | E18: ='중복품목 Share'!D9 | F18: ='중복품목 Share'!Q9 | G18: ='중복품목 Share'!P9 | H18: ='중복품목 Share'!O9&IF('중복품목 Share'!S9="",""," / "&'중복품목 Share'!S9)
A19: =IF(LEFT('중복품목 Share'!O10,5)="Share","-","부족분") | B19: ='중복품목 Share'!H10 | C19: ='중복품목 Share'!I10 | D19: Cans | E19: ='중복품목 Share'!D10 | F19: ='중복품목 Share'!Q10 | G19: ='중복품목 Share'!P10 | H19: ='중복품목 Share'!O10&IF('중복품목 Share'!S10="",""," / "&'중복품목 Share'!S10)
A20: =IF(LEFT('중복품목 Share'!O11,5)="Share","-","부족분") | B20: ='중복품목 Share'!H11 | C20: ='중복품목 Share'!I11 | D20: Cans | E20: ='중복품목 Share'!D11 | F20: ='중복품목 Share'!Q11 | G20: ='중복품목 Share'!P11 | H20: ='중복품목 Share'!O11&IF('중복품목 Share'!S11="",""," / "&'중복품목 Share'!S11)
A21: =IF(LEFT('중복품목 Share'!O12,5)="Share","-","부족분") | B21: ='중복품목 Share'!H12 | C21: ='중복품목 Share'!I12 | D21: Cans | E21: ='중복품목 Share'!D12 | F21: ='중복품목 Share'!Q12 | G21: ='중복품목 Share'!P12 | H21: ='중복품목 Share'!O12&IF('중복품목 Share'!S12="",""," / "&'중복품목 Share'!S12)
A22: =IF(LEFT('중복품목 Share'!O13,5)="Share","-","부족분") | B22: ='중복품목 Share'!H13 | C22: ='중복품목 Share'!I13 | D22: Cans | E22: ='중복품목 Share'!D13 | F22: ='중복품목 Share'!Q13 | G22: ='중복품목 Share'!P13 | H22: ='중복품목 Share'!O13&IF('중복품목 Share'!S13="",""," / "&'중복품목 Share'!S13)
A23: =IF(LEFT('중복품목 Share'!O14,5)="Share","-","부족분") | B23: ='중복품목 Share'!H14 | C23: ='중복품목 Share'!I14 | D23: Cans | E23: ='중복품목 Share'!D14 | F23: ='중복품목 Share'!Q14 | G23: ='중복품목 Share'!P14 | H23: ='중복품목 Share'!O14&IF('중복품목 Share'!S14="",""," / "&'중복품목 Share'!S14)
A24: =IF(LEFT('중복품목 Share'!O15,5)="Share","-","부족분") | B24: ='중복품목 Share'!H15 | C24: ='중복품목 Share'!I15 | D24: Cans | E24: ='중복품목 Share'!D15 | F24: ='중복품목 Share'!Q15 | G24: ='중복품목 Share'!P15 | H24: ='중복품목 Share'!O15&IF('중복품목 Share'!S15="",""," / "&'중복품목 Share'!S15)
A25: =IF(LEFT('중복품목 Share'!O16,5)="Share","-","부족분") | B25: ='중복품목 Share'!H16 | C25: ='중복품목 Share'!I16 | D25: Cans | E25: ='중복품목 Share'!D16 | F25: ='중복품목 Share'!Q16 | G25: ='중복품목 Share'!P16 | H25: ='중복품목 Share'!O16&IF('중복품목 Share'!S16="",""," / "&'중복품목 Share'!S16)
A27: ※ B) 의 '청구수량(can)'은 NMO 캔 규격 기준. 회색 행 = share만으로 충족(추가 청구 불필요). ※ SIGMARINE 48은 색상 상이로 share 불가 판정 시 NL 3can 전량 청구.

Sheet NMO 단독
A1: NORTH MOON 단독 품목 (NL 청구에 없음) → share 불가, NMO 100% 부담
A4: NMO No. | B4: 품목 | C4: L/can | D4: 수량(can) | E4: 단가(KRW) | F4: 금액(KRW)
A5: 4 | B5: SIGMADUR 550 - RED 6188 | C5: 15 | D5: 4 | E5: 217350 | F5: =D5*E5
A6: 5 | B6: SIGMADUR 550 - YELLOW 3138 | C6: 15 | D6: 4 | E6: 294400 | F6: =D6*E6
A7: 8 | B7: SIGMADUR 550 (SIGNAL ORANGE) | C7: 15 | D7: 15 | E7: 290950 | F7: =D7*E7
A8: 12 | B8: SIGMACOVER 456 (REDBROWN) | C8: 15 | D8: 10 | E8: 120750 | F8: =D8*E8
A9: 16 | B9: SIGMACOVER 380 (GREY) | C9: 20 | D9: 15 | E9: 142600 | F9: =D9*E9
B10: 합계 | F10: =SUM(F5:F9)
